sample_name	model	auroc	auprc	wtype
03670742-50ed-4212-b566-784e1d0a1053	MOBSNVF	0.667318982387477	0.841781138784642	MuSE
03670742-50ed-4212-b566-784e1d0a1053	SOBDetector	0.708414872798434	0.86877961423455	MuSE
03670742-50ed-4212-b566-784e1d0a1053	VAFSNVF	0.48825831702544	0.795134287836728	MuSE
066565d1-104d-4f18-ab2a-406cf81c7aaa	MOBSNVF	0.978494623655915	0.995863396363573	MuSE
066565d1-104d-4f18-ab2a-406cf81c7aaa	SOBDetector	0.755376344086017	0.89328793971439	MuSE
066565d1-104d-4f18-ab2a-406cf81c7aaa	VAFSNVF	0.553763440860218	0.865021249884884	MuSE
08a1a0f1-054a-4a75-9c20-d048c14f3de1	MOBSNVF	0.628389154704942	0.875789599726495	MuSE
08a1a0f1-054a-4a75-9c20-d048c14f3de1	SOBDetector	0.499202551834132	0.824057153083013	MuSE
08a1a0f1-054a-4a75-9c20-d048c14f3de1	VAFSNVF	0.529771398192453	0.833687632888617	MuSE
095f0fb1-a4a1-4c9e-a998-60671dda5de5	MOBSNVF	0.767911818738508	0.882880290090004	MuSE
095f0fb1-a4a1-4c9e-a998-60671dda5de5	SOBDetector	0.840783833435394	0.90051612931131	MuSE
095f0fb1-a4a1-4c9e-a998-60671dda5de5	VAFSNVF	0.775872627066743	0.883526618693076	MuSE
107f8ba1-4638-40a8-8810-af17d13fc2be	MOBSNVF	0.627659574468082	0.916098137006711	MuSE
107f8ba1-4638-40a8-8810-af17d13fc2be	SOBDetector	0.203900709219858	0.772502132404129	MuSE
107f8ba1-4638-40a8-8810-af17d13fc2be	VAFSNVF	0.709219858156028	0.949832349359299	MuSE
13b63862-9ba1-4a97-89fd-3243a43a3b97	MOBSNVF	0.658041958041955	0.692891919452511	MuSE
13b63862-9ba1-4a97-89fd-3243a43a3b97	SOBDetector	0.595104895104895	0.68062563573816	MuSE
13b63862-9ba1-4a97-89fd-3243a43a3b97	VAFSNVF	0.80891608391608	0.847283717960835	MuSE
1d057b2b-e362-4f9c-84ab-f389ee9581c0	MOBSNVF	0.605917667238424	0.618639248558571	MuSE
1d057b2b-e362-4f9c-84ab-f389ee9581c0	SOBDetector	0.591052029731275	0.642175784500738	MuSE
1d057b2b-e362-4f9c-84ab-f389ee9581c0	VAFSNVF	0.834619782732989	0.824932067671651	MuSE
24eda4a0-d974-4c6a-b745-b8e12a93576e	MOBSNVF	0.557291666666669	0.856393618863649	MuSE
24eda4a0-d974-4c6a-b745-b8e12a93576e	SOBDetector	0.45982142857143	0.818413106098708	MuSE
24eda4a0-d974-4c6a-b745-b8e12a93576e	VAFSNVF	0.438988095238096	0.792454536070083	MuSE
29e68a40-cf28-4e5e-b646-b9119d6f2f75	MOBSNVF	0.484848484848484	0.284926463682874	MuSE
29e68a40-cf28-4e5e-b646-b9119d6f2f75	SOBDetector	0.313131313131312	0.212688435101329	MuSE
29e68a40-cf28-4e5e-b646-b9119d6f2f75	VAFSNVF	0.310606060606061	0.21667894975272	MuSE
2b120aa2-0cf6-4a1c-970c-0ec747eb7781	MOBSNVF	1.0	1.0	MuSE
2b120aa2-0cf6-4a1c-970c-0ec747eb7781	SOBDetector	0.871621621621621	0.993509371695497	MuSE
2b120aa2-0cf6-4a1c-970c-0ec747eb7781	VAFSNVF	0.351351351351347	0.955060142414999	MuSE
2fc066ca-ced1-4791-abe5-25d131dff843	MOBSNVF	0.736186594202893	0.684558486607707	MuSE
2fc066ca-ced1-4791-abe5-25d131dff843	SOBDetector	0.926177536231884	0.919451827845512	MuSE
2fc066ca-ced1-4791-abe5-25d131dff843	VAFSNVF	0.782382246376812	0.78360804410589	MuSE
310a7095-a693-4374-913d-9ecd64943761	MOBSNVF	0.502846299810246	0.478208417560889	MuSE
310a7095-a693-4374-913d-9ecd64943761	SOBDetector	0.51470588235294	0.48917432957214	MuSE
310a7095-a693-4374-913d-9ecd64943761	VAFSNVF	0.774667931688807	0.723864985790717	MuSE
325431c6-70f2-4fb0-a969-46b10813efd0	MOBSNVF	0.637336504161716	0.581587240875675	MuSE
325431c6-70f2-4fb0-a969-46b10813efd0	SOBDetector	0.527586206896553	0.489261359539857	MuSE
325431c6-70f2-4fb0-a969-46b10813efd0	VAFSNVF	0.816884661117716	0.741182332291172	MuSE
404def10-0bf2-4aed-bd63-3e16243330b5	MOBSNVF	0.970588235294125	0.999113531778496	MuSE
404def10-0bf2-4aed-bd63-3e16243330b5	SOBDetector	0.584967320261437	0.964230116947402	MuSE
404def10-0bf2-4aed-bd63-3e16243330b5	VAFSNVF	0.916666666666663	0.997476275432162	MuSE
417e0afd-9cea-4fbf-9067-24ad19d7e20b	MOBSNVF	0.445887445887446	0.909390106256888	MuSE
417e0afd-9cea-4fbf-9067-24ad19d7e20b	SOBDetector	0.525613275613273	0.939708819795842	MuSE
417e0afd-9cea-4fbf-9067-24ad19d7e20b	VAFSNVF	0.48268398268398	0.879130846576562	MuSE
43b12853-f7db-4bbb-b6eb-e81e357c3971	MOBSNVF	0.6461937716263	0.852339856288625	MuSE
43b12853-f7db-4bbb-b6eb-e81e357c3971	SOBDetector	0.774653979238757	0.915301089876029	MuSE
43b12853-f7db-4bbb-b6eb-e81e357c3971	VAFSNVF	0.639273356401385	0.838736857828024	MuSE
447f5465-d01e-48d3-a68a-9f65133cc53f	MOBSNVF	0.635854341736692	0.952158345797592	MuSE
447f5465-d01e-48d3-a68a-9f65133cc53f	SOBDetector	0.48109243697479	0.917540057215931	MuSE
447f5465-d01e-48d3-a68a-9f65133cc53f	VAFSNVF	0.343837535014007	0.891271652147519	MuSE
45962a0e-883e-42b6-b266-f431963cdec0	MOBSNVF	0.795019157088123	0.891932307203889	MuSE
45962a0e-883e-42b6-b266-f431963cdec0	SOBDetector	0.616858237547891	0.777379202962556	MuSE
45962a0e-883e-42b6-b266-f431963cdec0	VAFSNVF	0.534482758620689	0.788425315538206	MuSE
5c4813c4-2def-42f2-a63c-8ebee0679f65	MOBSNVF	0.681490384615386	0.953683556264903	MuSE
5c4813c4-2def-42f2-a63c-8ebee0679f65	SOBDetector	0.481370192307693	0.91042201295855	MuSE
5c4813c4-2def-42f2-a63c-8ebee0679f65	VAFSNVF	0.315504807692307	0.881794874855412	MuSE
5c8d6416-216e-494c-9646-d77cb200fa3b	MOBSNVF	0.75	0.0967741935483889	MuSE
5c8d6416-216e-494c-9646-d77cb200fa3b	SOBDetector	0.894736842105263	0.183284458521351	MuSE
5c8d6416-216e-494c-9646-d77cb200fa3b	VAFSNVF	0.785714285714285	0.434566777987384	MuSE
5f6bc8bc-3fe1-49f2-bdfb-b0efdffddb95	MOBSNVF	0.897959183673472	0.988313005220128	MuSE
5f6bc8bc-3fe1-49f2-bdfb-b0efdffddb95	SOBDetector	0.717474489795918	0.961185838917404	MuSE
5f6bc8bc-3fe1-49f2-bdfb-b0efdffddb95	VAFSNVF	0.750637755102044	0.97613798331332	MuSE
62a5c259-38f8-4f6e-9b69-92851b7275e1	MOBSNVF	0.609514170040483	0.828614488986525	MuSE
62a5c259-38f8-4f6e-9b69-92851b7275e1	SOBDetector	0.565991902834009	0.798301335368766	MuSE
62a5c259-38f8-4f6e-9b69-92851b7275e1	VAFSNVF	0.704858299595149	0.889942846769243	MuSE
735d1fec-eb37-43ef-80d7-aa586bfb50c0	MOBSNVF	0.76985645933014	0.716473543743568	MuSE
735d1fec-eb37-43ef-80d7-aa586bfb50c0	SOBDetector	0.907336523125997	0.820244030975532	MuSE
735d1fec-eb37-43ef-80d7-aa586bfb50c0	VAFSNVF	0.79585326953747	0.801652684483155	MuSE
795250b8-f858-45d5-a79e-d0c358dad542	MOBSNVF	0.435483870967742	0.964586544177317	MuSE
795250b8-f858-45d5-a79e-d0c358dad542	SOBDetector	0.709677419354829	0.989347040032534	MuSE
795250b8-f858-45d5-a79e-d0c358dad542	VAFSNVF	0.0161290322580645	0.894431992451546	MuSE
82a734e9-28c3-4cec-8ae4-067651ec9189	MOBSNVF	0.543445121951219	0.299701048452498	MuSE
82a734e9-28c3-4cec-8ae4-067651ec9189	SOBDetector	0.460565476190477	0.236987954525923	MuSE
82a734e9-28c3-4cec-8ae4-067651ec9189	VAFSNVF	0.799542682926827	0.50926556417342	MuSE
85e34838-c6e8-4114-a94e-6378f7764d0e	MOBSNVF	0.565070368790823	0.852797440555362	MuSE
85e34838-c6e8-4114-a94e-6378f7764d0e	SOBDetector	0.603244930146194	0.860581388065011	MuSE
85e34838-c6e8-4114-a94e-6378f7764d0e	VAFSNVF	0.535484051985365	0.812970285132347	MuSE
881f5579-ae20-4839-9b3d-bb2ecf2ab42b	MOBSNVF	0.71296296296296	0.927271183842171	MuSE
881f5579-ae20-4839-9b3d-bb2ecf2ab42b	SOBDetector	0.637566137566137	0.908145774625762	MuSE
881f5579-ae20-4839-9b3d-bb2ecf2ab42b	VAFSNVF	0.585097001763664	0.892161903904368	MuSE
8c7896cf-9a69-4499-b05b-6866567d31b4	MOBSNVF	0.693655303030306	0.764892330339784	MuSE
8c7896cf-9a69-4499-b05b-6866567d31b4	SOBDetector	0.653952205882353	0.744880486343888	MuSE
8c7896cf-9a69-4499-b05b-6866567d31b4	VAFSNVF	0.70738636363636	0.807045195183826	MuSE
8f7da5f7-8752-46a0-a9ff-395ed6deed63	MOBSNVF	0.96666666666667	0.998907005731224	MuSE
8f7da5f7-8752-46a0-a9ff-395ed6deed63	SOBDetector	0.766666666666666	0.991439514552655	MuSE
8f7da5f7-8752-46a0-a9ff-395ed6deed63	VAFSNVF	0.0666666666666667	0.922153897825496	MuSE
978e0586-70b3-41cb-ba68-8ffb772589ed	MOBSNVF	0.831159420289847	0.951065359104134	MuSE
978e0586-70b3-41cb-ba68-8ffb772589ed	SOBDetector	0.886594202898552	0.952939046092267	MuSE
978e0586-70b3-41cb-ba68-8ffb772589ed	VAFSNVF	0.784057971014496	0.963398361546827	MuSE
9bbe3fac-d9b9-469d-b463-61442018d979	MOBSNVF	0.837121212121208	0.975811273922321	MuSE
9bbe3fac-d9b9-469d-b463-61442018d979	SOBDetector	0.795173961840631	0.959350006841591	MuSE
9bbe3fac-d9b9-469d-b463-61442018d979	VAFSNVF	0.705808080808076	0.972321002379826	MuSE
9e650473-2a25-4d52-94d0-c7413b79747f	MOBSNVF	0.865612648221338	0.762278351891806	MuSE
9e650473-2a25-4d52-94d0-c7413b79747f	SOBDetector	0.939393939393939	0.916300666931239	MuSE
9e650473-2a25-4d52-94d0-c7413b79747f	VAFSNVF	0.708827404479579	0.664809479272759	MuSE
9eddc1da-ebdb-42ed-b08d-cb8445a08dd9	MOBSNVF	0.822948328267472	0.95257901923419	MuSE
9eddc1da-ebdb-42ed-b08d-cb8445a08dd9	SOBDetector	0.904635258358661	0.957846010712433	MuSE
9eddc1da-ebdb-42ed-b08d-cb8445a08dd9	VAFSNVF	0.80585106382979	0.970097144205929	MuSE
a4b87144-7570-4b58-927d-49b71f17305e	MOBSNVF	0.8	0.750000000000018	MuSE
a4b87144-7570-4b58-927d-49b71f17305e	SOBDetector	0.750000000000002	0.747118976190352	MuSE
a4b87144-7570-4b58-927d-49b71f17305e	VAFSNVF	0.766666666666669	0.828951045514355	MuSE
aa797f66-eb7f-4761-9200-a7e315884a34	MOBSNVF	0.766412213740455	0.952783820565364	MuSE
aa797f66-eb7f-4761-9200-a7e315884a34	SOBDetector	0.651399491094147	0.921487267864134	MuSE
aa797f66-eb7f-4761-9200-a7e315884a34	VAFSNVF	0.576590330788799	0.924119639930022	MuSE
ac0b97eb-ada8-413f-aae3-dda66580d52e	MOBSNVF	0.574626865671642	0.287499999999997	MuSE
ac0b97eb-ada8-413f-aae3-dda66580d52e	SOBDetector	0.548669695003243	0.272754523391582	MuSE
ac0b97eb-ada8-413f-aae3-dda66580d52e	VAFSNVF	0.541531473069437	0.27780130662382	MuSE
b222da72-bc9c-46eb-870e-12e765313d04	MOBSNVF	1.0	1.0	MuSE
b222da72-bc9c-46eb-870e-12e765313d04	SOBDetector	0.743243243243243	0.987219709308247	MuSE
b222da72-bc9c-46eb-870e-12e765313d04	VAFSNVF	0.263513513513512	0.962953183196393	MuSE
ce67f18c-5357-422e-b7a5-91de4855ef29	MOBSNVF	0.96666666666667	0.997883419795242	MuSE
ce67f18c-5357-422e-b7a5-91de4855ef29	SOBDetector	0.766666666666665	0.983450653502623	MuSE
ce67f18c-5357-422e-b7a5-91de4855ef29	VAFSNVF	0.0666666666666667	0.861370260118134	MuSE
d235c890-0fe5-424d-a5bb-e38c99fd8a33	MOBSNVF	0.517857142857144	0.545258727137865	MuSE
d235c890-0fe5-424d-a5bb-e38c99fd8a33	SOBDetector	0.548549107142855	0.563200959951226	MuSE
d235c890-0fe5-424d-a5bb-e38c99fd8a33	VAFSNVF	0.702566964285713	0.646906919307615	MuSE
d4d228be-d9af-4d6f-ba1d-2de28df32a43	MOBSNVF	0.737315875613746	0.776486695886875	MuSE
d4d228be-d9af-4d6f-ba1d-2de28df32a43	SOBDetector	0.860883797054013	0.883724333729246	MuSE
d4d228be-d9af-4d6f-ba1d-2de28df32a43	VAFSNVF	0.70662847790507	0.821127914999595	MuSE
d4f0f9fb-e576-43d6-a660-875fdf986993	MOBSNVF	0.728571428571428	0.136363636363638	MuSE
d4f0f9fb-e576-43d6-a660-875fdf986993	SOBDetector	0.922619047619048	0.323654790520489	MuSE
d4f0f9fb-e576-43d6-a660-875fdf986993	VAFSNVF	0.825000000000001	0.476070818141011	MuSE
d74dd2ba-f677-483b-a23c-8820246d627f	MOBSNVF	0.810937499999999	0.963619421010922	MuSE
d74dd2ba-f677-483b-a23c-8820246d627f	SOBDetector	0.733854166666665	0.947171208277779	MuSE
d74dd2ba-f677-483b-a23c-8820246d627f	VAFSNVF	0.70729166666667	0.964633323456367	MuSE
dc76db4d-cdcc-42b1-b636-bef00b0a6443	MOBSNVF	0.671052631578949	0.709988308008161	MuSE
dc76db4d-cdcc-42b1-b636-bef00b0a6443	SOBDetector	0.602631578947373	0.696981929706845	MuSE
dc76db4d-cdcc-42b1-b636-bef00b0a6443	VAFSNVF	0.330701754385966	0.522774117121729	MuSE
df7d6009-ad2c-44b1-a635-f4c8ed449c8c	MOBSNVF	0.575510204081632	0.919928038755293	MuSE
df7d6009-ad2c-44b1-a635-f4c8ed449c8c	SOBDetector	0.246938775510204	0.82283906840831	MuSE
df7d6009-ad2c-44b1-a635-f4c8ed449c8c	VAFSNVF	0.755102040816325	0.965272899423775	MuSE
e03215b2-319a-4edd-8101-335c5a981f72	MOBSNVF	0.698322602507622	0.936551933233486	MuSE
e03215b2-319a-4edd-8101-335c5a981f72	SOBDetector	0.624534056252117	0.908677541723319	MuSE
e03215b2-319a-4edd-8101-335c5a981f72	VAFSNVF	0.470603185360895	0.898610895858188	MuSE
e1e0a6df-9b98-455d-9649-c9f6e1a3e8f7	MOBSNVF	0.713333333333331	0.919727020304946	MuSE
e1e0a6df-9b98-455d-9649-c9f6e1a3e8f7	SOBDetector	0.597037037037037	0.86858184400072	MuSE
e1e0a6df-9b98-455d-9649-c9f6e1a3e8f7	VAFSNVF	0.370370370370367	0.809604218875129	MuSE
e5d8e2ac-2936-456a-8065-c1a9f673857e	MOBSNVF	0.528846153846158	0.582015833116088	MuSE
e5d8e2ac-2936-456a-8065-c1a9f673857e	SOBDetector	0.480769230769232	0.522657100793904	MuSE
e5d8e2ac-2936-456a-8065-c1a9f673857e	VAFSNVF	0.483173076923072	0.497457642098016	MuSE
e9921eb4-e29c-4ede-a351-1364ae672bee	MOBSNVF	0.844277673545966	0.848799474405874	MuSE
e9921eb4-e29c-4ede-a351-1364ae672bee	SOBDetector	0.862101313320826	0.882838909202612	MuSE
e9921eb4-e29c-4ede-a351-1364ae672bee	VAFSNVF	0.800187617260788	0.868630321247253	MuSE
f385c106-52ee-46fa-9a39-3ebdb9474ca7	MOBSNVF	0.549145299145296	0.309799954616365	MuSE
f385c106-52ee-46fa-9a39-3ebdb9474ca7	SOBDetector	0.901709401709402	0.641546329386304	MuSE
f385c106-52ee-46fa-9a39-3ebdb9474ca7	VAFSNVF	0.856837606837621	0.735357609192372	MuSE
fa1ab129-afc2-4b71-92fe-0c9743052f66	MOBSNVF	0.583144368858653	0.942120871276652	MuSE
fa1ab129-afc2-4b71-92fe-0c9743052f66	SOBDetector	0.574829931972786	0.926605153853765	MuSE
fa1ab129-afc2-4b71-92fe-0c9743052f66	VAFSNVF	0.67006802721088	0.954069607986588	MuSE
0815b61e-3e31-44b8-b25d-f2ee96d1a2c3	MicroSEC	0.731955527660716	0.0635373549265035	MuTect2
0815b61e-3e31-44b8-b25d-f2ee96d1a2c3	MOBSNVF	0.593228279386714	0.0399041058839979	MuTect2
0815b61e-3e31-44b8-b25d-f2ee96d1a2c3	SOBDetector	0.947487223168654	0.238340647523215	MuTect2
0815b61e-3e31-44b8-b25d-f2ee96d1a2c3	VAFSNVF	0.493057921635436	0.0306373101390317	MuTect2
0eaea4dd-2f80-4a15-b66f-f593e2d8bb98	MicroSEC	0.816523757638921	0.431900444129764	MuTect2
0eaea4dd-2f80-4a15-b66f-f593e2d8bb98	MOBSNVF	0.814995973281538	0.473542442434078	MuTect2
0eaea4dd-2f80-4a15-b66f-f593e2d8bb98	SOBDetector	0.963392391870774	0.835063558744371	MuTect2
0eaea4dd-2f80-4a15-b66f-f593e2d8bb98	VAFSNVF	0.850549528637074	0.525902619755281	MuTect2
1a9ca0a1-86f0-4890-a145-9928376e3fc6	MicroSEC	0.486842105263157	0.552325874319002	MuTect2
1a9ca0a1-86f0-4890-a145-9928376e3fc6	MOBSNVF	0.820175438596493	0.894552055618274	MuTect2
1a9ca0a1-86f0-4890-a145-9928376e3fc6	SOBDetector	0.711403508771929	0.685741527044224	MuTect2
1a9ca0a1-86f0-4890-a145-9928376e3fc6	VAFSNVF	0.843859649122817	0.817493589666878	MuTect2
25e9d6ab-d5f8-4dd9-82ee-0a8dff2eb64e	MicroSEC	0.5	0.794117647058831	MuTect2
25e9d6ab-d5f8-4dd9-82ee-0a8dff2eb64e	MOBSNVF	1.0	1.0	MuTect2
25e9d6ab-d5f8-4dd9-82ee-0a8dff2eb64e	SOBDetector	0.820105820105822	0.951104466591903	MuTect2
25e9d6ab-d5f8-4dd9-82ee-0a8dff2eb64e	VAFSNVF	1.0	1.0	MuTect2
2c3f9bee-2ada-4bfc-8d21-2d43d3936c17	MicroSEC	0.508432539682538	0.0606957705305039	MuTect2
2c3f9bee-2ada-4bfc-8d21-2d43d3936c17	MOBSNVF	0.947916666666667	0.514689657233618	MuTect2
2c3f9bee-2ada-4bfc-8d21-2d43d3936c17	SOBDetector	0.407118055555556	0.0473915500189435	MuTect2
2c3f9bee-2ada-4bfc-8d21-2d43d3936c17	VAFSNVF	0.865413346613546	0.173672485469884	MuTect2
316d70cd-20a9-4d0b-be96-d14d9ad1dd17	MicroSEC	0.539514348785873	0.245055689822165	MuTect2
316d70cd-20a9-4d0b-be96-d14d9ad1dd17	MOBSNVF	0.828182487122888	0.501353435029345	MuTect2
316d70cd-20a9-4d0b-be96-d14d9ad1dd17	SOBDetector	0.794849153789551	0.400949240763893	MuTect2
316d70cd-20a9-4d0b-be96-d14d9ad1dd17	VAFSNVF	0.666225165562916	0.287026145846081	MuTect2
31fd0a13-c4c5-47cb-99cb-62b46c23f6c6	MicroSEC	0.547061047061047	0.81023238479782	MuTect2
31fd0a13-c4c5-47cb-99cb-62b46c23f6c6	MOBSNVF	0.842940842940843	0.943403707112476	MuTect2
31fd0a13-c4c5-47cb-99cb-62b46c23f6c6	SOBDetector	0.801266301266301	0.891471461095492	MuTect2
31fd0a13-c4c5-47cb-99cb-62b46c23f6c6	VAFSNVF	0.537138537138538	0.76552845169808	MuTect2
35d40095-b326-47d1-9c4e-ee665dc0ceda	MicroSEC	0.5	0.5	MuTect2
35d40095-b326-47d1-9c4e-ee665dc0ceda	MOBSNVF	0.963010204081633	0.943398806619439	MuTect2
35d40095-b326-47d1-9c4e-ee665dc0ceda	SOBDetector	0.719387755102041	0.58779084311863	MuTect2
35d40095-b326-47d1-9c4e-ee665dc0ceda	VAFSNVF	0.878188775510204	0.752321463595519	MuTect2
39329506-f3bf-4af7-9372-01a2f0ea9499	MicroSEC	0.777321428571428	0.464715233351875	MuTect2
39329506-f3bf-4af7-9372-01a2f0ea9499	MOBSNVF	0.785892857142859	0.529414700948599	MuTect2
39329506-f3bf-4af7-9372-01a2f0ea9499	SOBDetector	0.937991071428572	0.801802066298202	MuTect2
39329506-f3bf-4af7-9372-01a2f0ea9499	VAFSNVF	0.847321428571429	0.556820799754643	MuTect2
3bf960a0-2429-4cb9-a5b0-004879082635	MicroSEC	0.518464052287583	0.888210035835244	MuTect2
3bf960a0-2429-4cb9-a5b0-004879082635	MOBSNVF	0.967973856209151	0.995835142729546	MuTect2
3bf960a0-2429-4cb9-a5b0-004879082635	SOBDetector	0.883660130718954	0.981647998489278	MuTect2
3bf960a0-2429-4cb9-a5b0-004879082635	VAFSNVF	0.580718954248365	0.899784628954924	MuTect2
3cd447b8-6c25-41ff-bd32-3c3dba6a70de	MicroSEC	0.726720886374352	0.433604386755182	MuTect2
3cd447b8-6c25-41ff-bd32-3c3dba6a70de	MOBSNVF	0.881895332390388	0.729930017281086	MuTect2
3cd447b8-6c25-41ff-bd32-3c3dba6a70de	SOBDetector	0.929249174917488	0.767914461049368	MuTect2
3cd447b8-6c25-41ff-bd32-3c3dba6a70de	VAFSNVF	0.76417373880245	0.501544704093167	MuTect2
478b1b98-8826-47e2-bf43-bb93e222ea6a	MicroSEC	0.553571428571429	0.73958333333334	MuTect2
478b1b98-8826-47e2-bf43-bb93e222ea6a	MOBSNVF	0.842052313883296	0.91742084375627	MuTect2
478b1b98-8826-47e2-bf43-bb93e222ea6a	SOBDetector	0.651659959758551	0.794843916361599	MuTect2
478b1b98-8826-47e2-bf43-bb93e222ea6a	VAFSNVF	0.705985915492953	0.859956370264232	MuTect2
49ce0762-2ab2-49de-b611-ded7efe00a21	MicroSEC	0.473084886128364	0.674573819908322	MuTect2
49ce0762-2ab2-49de-b611-ded7efe00a21	MOBSNVF	0.883827927306187	0.916042711459093	MuTect2
49ce0762-2ab2-49de-b611-ded7efe00a21	SOBDetector	0.777950310559005	0.82694544342447	MuTect2
49ce0762-2ab2-49de-b611-ded7efe00a21	VAFSNVF	0.790200138026225	0.798231984661478	MuTect2
517dbbc7-cb6c-4311-9bb3-0c2df1c7f5bd	MicroSEC	0.822691197691196	0.372211693673688	MuTect2
517dbbc7-cb6c-4311-9bb3-0c2df1c7f5bd	MOBSNVF	0.672018890200708	0.240857661699814	MuTect2
517dbbc7-cb6c-4311-9bb3-0c2df1c7f5bd	SOBDetector	0.919391971664699	0.63069774431274	MuTect2
517dbbc7-cb6c-4311-9bb3-0c2df1c7f5bd	VAFSNVF	0.776652892561983	0.407305621731299	MuTect2
52c3ea1f-80df-4644-9761-8e963e353e31	MicroSEC	0.45886145104895	0.672825687533076	MuTect2
52c3ea1f-80df-4644-9761-8e963e353e31	MOBSNVF	0.878933566433562	0.91567947718529	MuTect2
52c3ea1f-80df-4644-9761-8e963e353e31	SOBDetector	0.77933784965035	0.818335679571701	MuTect2
52c3ea1f-80df-4644-9761-8e963e353e31	VAFSNVF	0.766717657342654	0.778741087853136	MuTect2
5e721480-ba9f-4eff-ac8a-a76968266155	MicroSEC	0.506460674157306	0.0222667586399022	MuTect2
5e721480-ba9f-4eff-ac8a-a76968266155	MOBSNVF	0.988362760834671	0.543970936027046	MuTect2
5e721480-ba9f-4eff-ac8a-a76968266155	SOBDetector	0.45294275013376	0.0195667527474484	MuTect2
5e721480-ba9f-4eff-ac8a-a76968266155	VAFSNVF	0.990052552552553	0.712595969155492	MuTect2
5f3ab482-e452-4662-9448-35ff691ec0ef	MicroSEC	0.49247491638796	0.465406975152821	MuTect2
5f3ab482-e452-4662-9448-35ff691ec0ef	MOBSNVF	0.939799331103679	0.890171941827268	MuTect2
5f3ab482-e452-4662-9448-35ff691ec0ef	SOBDetector	0.825250836120401	0.677726366050322	MuTect2
5f3ab482-e452-4662-9448-35ff691ec0ef	VAFSNVF	0.802675585284281	0.634009985881379	MuTect2
65f5cabd-4c7a-466d-8701-dea4a44d881d	MicroSEC	0.502819548872182	0.577186003315132	MuTect2
65f5cabd-4c7a-466d-8701-dea4a44d881d	MOBSNVF	0.813891465677177	0.805325540182145	MuTect2
65f5cabd-4c7a-466d-8701-dea4a44d881d	SOBDetector	0.738404452690167	0.763131748715787	MuTect2
65f5cabd-4c7a-466d-8701-dea4a44d881d	VAFSNVF	0.863288497217068	0.813482718128907	MuTect2
796c7243-d4d7-43ea-bb8a-f0c118ad0fcd	MicroSEC	0.516378066378065	0.88099695676342	MuTect2
796c7243-d4d7-43ea-bb8a-f0c118ad0fcd	MOBSNVF	0.828571428571435	0.962615771456194	MuTect2
796c7243-d4d7-43ea-bb8a-f0c118ad0fcd	SOBDetector	0.722979797979798	0.941980249810111	MuTect2
796c7243-d4d7-43ea-bb8a-f0c118ad0fcd	VAFSNVF	0.658982683982686	0.916170434299431	MuTect2
7d024880-8859-4521-b57e-f56d6fe9d88a	MicroSEC	0.709160305343513	0.181936845046291	MuTect2
7d024880-8859-4521-b57e-f56d6fe9d88a	MOBSNVF	0.903307888040714	0.418901508390266	MuTect2
7d024880-8859-4521-b57e-f56d6fe9d88a	SOBDetector	0.877608142493639	0.440347333597359	MuTect2
7d024880-8859-4521-b57e-f56d6fe9d88a	VAFSNVF	0.761577608142497	0.254012889571661	MuTect2
7d78c513-dd57-4d60-9556-b154601fd0dd	MicroSEC	0.578408380237649	0.584183330686485	MuTect2
7d78c513-dd57-4d60-9556-b154601fd0dd	MOBSNVF	0.936171044402744	0.947517332365253	MuTect2
7d78c513-dd57-4d60-9556-b154601fd0dd	SOBDetector	0.865580050031271	0.806802809514612	MuTect2
7d78c513-dd57-4d60-9556-b154601fd0dd	VAFSNVF	0.790415884928076	0.77002117520293	MuTect2
8f5d10af-16c4-4ab2-be3c-c1b9a243c686	MicroSEC	0.610048426150122	0.812321666882182	MuTect2
8f5d10af-16c4-4ab2-be3c-c1b9a243c686	MOBSNVF	0.90653753026635	0.965526805058694	MuTect2
8f5d10af-16c4-4ab2-be3c-c1b9a243c686	SOBDetector	0.840435835351098	0.915721871042776	MuTect2
8f5d10af-16c4-4ab2-be3c-c1b9a243c686	VAFSNVF	0.707627118644069	0.850898347229628	MuTect2
93eca453-294b-4400-8b41-c4455ddc7e45	MicroSEC	0.785743087557603	0.484364140957897	MuTect2
93eca453-294b-4400-8b41-c4455ddc7e45	MOBSNVF	0.772955069124417	0.523604355040291	MuTect2
93eca453-294b-4400-8b41-c4455ddc7e45	SOBDetector	0.944873271889398	0.832571875642095	MuTect2
93eca453-294b-4400-8b41-c4455ddc7e45	VAFSNVF	0.8878168202765	0.669259673198261	MuTect2
9cde587b-6509-44da-9acd-0e9a401a4c44	MicroSEC	0.732231698649608	0.0751192062524749	MuTect2
9cde587b-6509-44da-9acd-0e9a401a4c44	MOBSNVF	0.530857616678515	0.0373287052905616	MuTect2
9cde587b-6509-44da-9acd-0e9a401a4c44	SOBDetector	0.943556029376925	0.250514536601463	MuTect2
9cde587b-6509-44da-9acd-0e9a401a4c44	VAFSNVF	0.442667614309406	0.0298902598508142	MuTect2
a071fc3c-2ec2-47ae-8d65-023e9b9dd5d2	MicroSEC	0.585092571125747	0.75463284397979	MuTect2
a071fc3c-2ec2-47ae-8d65-023e9b9dd5d2	MOBSNVF	0.718689762527732	0.827498468733795	MuTect2
a071fc3c-2ec2-47ae-8d65-023e9b9dd5d2	SOBDetector	0.749829430662734	0.827069846114987	MuTect2
a071fc3c-2ec2-47ae-8d65-023e9b9dd5d2	VAFSNVF	0.510643568301598	0.66228894674403	MuTect2
a3c4f011-f244-4071-a7f3-399b4cecceb1	MicroSEC	0.735389610389613	0.199984924218428	MuTect2
a3c4f011-f244-4071-a7f3-399b4cecceb1	MOBSNVF	0.850649350649337	0.396479254043274	MuTect2
a3c4f011-f244-4071-a7f3-399b4cecceb1	SOBDetector	0.911120129870133	0.572622379988305	MuTect2
a3c4f011-f244-4071-a7f3-399b4cecceb1	VAFSNVF	0.82575757575757	0.312921572502617	MuTect2
a82846b3-c3df-443e-b9e6-836380fa60e3	MicroSEC	0.499662618083671	0.814172360525564	MuTect2
a82846b3-c3df-443e-b9e6-836380fa60e3	MOBSNVF	0.889676113360325	0.96301639970617	MuTect2
a82846b3-c3df-443e-b9e6-836380fa60e3	SOBDetector	0.667004048582996	0.845910210763686	MuTect2
a82846b3-c3df-443e-b9e6-836380fa60e3	VAFSNVF	0.956815114709856	0.990704315407708	MuTect2
a923ebb3-f2c8-4286-b881-4b9a4f7ac55c	MicroSEC	0.631416309012874	0.863792811237224	MuTect2
a923ebb3-f2c8-4286-b881-4b9a4f7ac55c	MOBSNVF	0.868154506437776	0.962402222283662	MuTect2
a923ebb3-f2c8-4286-b881-4b9a4f7ac55c	SOBDetector	0.840901287553647	0.953116448592208	MuTect2
a923ebb3-f2c8-4286-b881-4b9a4f7ac55c	VAFSNVF	0.471201716738196	0.769811760514195	MuTect2
a9f282fc-daa6-4dc0-97b0-590db400735d	MicroSEC	0.529931972789114	0.912482607849854	MuTect2
a9f282fc-daa6-4dc0-97b0-590db400735d	MOBSNVF	0.974149659863941	0.997383546874882	MuTect2
a9f282fc-daa6-4dc0-97b0-590db400735d	SOBDetector	0.856462585034014	0.982315920073519	MuTect2
a9f282fc-daa6-4dc0-97b0-590db400735d	VAFSNVF	0.611564625850338	0.94051655862548	MuTect2
adb1887f-18cb-4e98-816e-27f9358ccd90	MicroSEC	0.689183617372183	0.718110377536733	MuTect2
adb1887f-18cb-4e98-816e-27f9358ccd90	MOBSNVF	0.935472787245744	0.953921989387874	MuTect2
adb1887f-18cb-4e98-816e-27f9358ccd90	SOBDetector	0.917399670148433	0.882856110302361	MuTect2
adb1887f-18cb-4e98-816e-27f9358ccd90	VAFSNVF	0.795285871357892	0.80875341759518	MuTect2
ae400342-1fed-4d27-8347-8b695baf5759	MicroSEC	0.806845185706738	0.407682627016861	MuTect2
ae400342-1fed-4d27-8347-8b695baf5759	MOBSNVF	0.808011353634926	0.461180327180709	MuTect2
ae400342-1fed-4d27-8347-8b695baf5759	SOBDetector	0.967028252068302	0.849291331523971	MuTect2
ae400342-1fed-4d27-8347-8b695baf5759	VAFSNVF	0.808374405914451	0.398513905350192	MuTect2
ae8e5b2b-f3eb-4e56-8847-5afe8d44a98b	MicroSEC	0.522888056595921	0.0959874071735508	MuTect2
ae8e5b2b-f3eb-4e56-8847-5afe8d44a98b	MOBSNVF	0.960327368567069	0.593078172164724	MuTect2
ae8e5b2b-f3eb-4e56-8847-5afe8d44a98b	SOBDetector	0.455819114995146	0.0790422564169893	MuTect2
ae8e5b2b-f3eb-4e56-8847-5afe8d44a98b	VAFSNVF	0.955194895269802	0.512953773901307	MuTect2
b192162a-ddc3-4a1d-a3df-501c85344d65	MicroSEC	0.707090062961948	0.246978004811059	MuTect2
b192162a-ddc3-4a1d-a3df-501c85344d65	MOBSNVF	0.756985633320151	0.365056087885103	MuTect2
b192162a-ddc3-4a1d-a3df-501c85344d65	SOBDetector	0.895050744694878	0.463972393987523	MuTect2
b192162a-ddc3-4a1d-a3df-501c85344d65	VAFSNVF	0.717872676947409	0.25853608619559	MuTect2
b63a9c22-20d2-4c39-b4dc-c787d3d4baa5	MicroSEC	0.510824022346368	0.0437061153203946	MuTect2
b63a9c22-20d2-4c39-b4dc-c787d3d4baa5	MOBSNVF	0.985024829298572	0.671938862368209	MuTect2
b63a9c22-20d2-4c39-b4dc-c787d3d4baa5	SOBDetector	0.382487585350717	0.0329203078297153	MuTect2
b63a9c22-20d2-4c39-b4dc-c787d3d4baa5	VAFSNVF	0.952669149596524	0.292309926555365	MuTect2
b6738974-c373-4008-89a9-48af8433b5ae	MicroSEC	0.490801804928844	0.557379836880657	MuTect2
b6738974-c373-4008-89a9-48af8433b5ae	MOBSNVF	0.79399514057619	0.781932325777235	MuTect2
b6738974-c373-4008-89a9-48af8433b5ae	SOBDetector	0.717112113849358	0.735538210417592	MuTect2
b6738974-c373-4008-89a9-48af8433b5ae	VAFSNVF	0.829225963207219	0.760723770756836	MuTect2
bcc711f9-9126-42b1-a9a8-025ae7ae602a	MicroSEC	0.56	0.765957446808515	MuTect2
bcc711f9-9126-42b1-a9a8-025ae7ae602a	MOBSNVF	0.871666666666669	0.93436814775831	MuTect2
bcc711f9-9126-42b1-a9a8-025ae7ae602a	SOBDetector	0.681944444444444	0.839148928314699	MuTect2
bcc711f9-9126-42b1-a9a8-025ae7ae602a	VAFSNVF	0.674722222222221	0.826116120005169	MuTect2
cf1f5ad2-bc10-4021-a904-e190649ac4e9	MicroSEC	0.5	0.866666666666675	MuTect2
cf1f5ad2-bc10-4021-a904-e190649ac4e9	MOBSNVF	1.0	1.0	MuTect2
cf1f5ad2-bc10-4021-a904-e190649ac4e9	SOBDetector	0.836538461538463	0.972886440361614	MuTect2
cf1f5ad2-bc10-4021-a904-e190649ac4e9	VAFSNVF	1.0	1.0	MuTect2
d28fcc01-f192-443d-aa5e-70b648d00369	MicroSEC	0.515591397849463	0.249896390910511	MuTect2
d28fcc01-f192-443d-aa5e-70b648d00369	MOBSNVF	0.917967395074575	0.738368015484692	MuTect2
d28fcc01-f192-443d-aa5e-70b648d00369	SOBDetector	0.472251127297954	0.216926714933864	MuTect2
d28fcc01-f192-443d-aa5e-70b648d00369	VAFSNVF	0.944502254595907	0.828550811857124	MuTect2
d531f102-41c4-4584-a666-f38d79c18276	MicroSEC	0.696715991692626	0.710845944309053	MuTect2
d531f102-41c4-4584-a666-f38d79c18276	MOBSNVF	0.922702492211836	0.939326392324364	MuTect2
d531f102-41c4-4584-a666-f38d79c18276	SOBDetector	0.936656282450676	0.922389735874669	MuTect2
d531f102-41c4-4584-a666-f38d79c18276	VAFSNVF	0.746819833852544	0.739320987715971	MuTect2
d68761a5-54a7-439c-94d2-44cfc901d911	MicroSEC	0.525873827791988	0.0942166367926257	MuTect2
d68761a5-54a7-439c-94d2-44cfc901d911	MOBSNVF	0.911849710982652	0.625614264471839	MuTect2
d68761a5-54a7-439c-94d2-44cfc901d911	SOBDetector	0.42543352601156	0.0750996004033607	MuTect2
d68761a5-54a7-439c-94d2-44cfc901d911	VAFSNVF	0.940255986787778	0.501040300542458	MuTect2
d9bb7426-baaf-4263-a349-76b03bc7ef49	MicroSEC	0.486486486486487	0.85044071814539	MuTect2
d9bb7426-baaf-4263-a349-76b03bc7ef49	MOBSNVF	0.942389758179236	0.989188439823327	MuTect2
d9bb7426-baaf-4263-a349-76b03bc7ef49	SOBDetector	0.783072546230441	0.924597284676699	MuTect2
d9bb7426-baaf-4263-a349-76b03bc7ef49	VAFSNVF	0.596728307254623	0.854728348068927	MuTect2
dabb05ae-ff44-4e06-a320-5269d8c68eed	MicroSEC	0.486607142857142	0.879070832769485	MuTect2
dabb05ae-ff44-4e06-a320-5269d8c68eed	MOBSNVF	0.933035714285713	0.990098887523358	MuTect2
dabb05ae-ff44-4e06-a320-5269d8c68eed	SOBDetector	0.781547619047619	0.947672070410884	MuTect2
dabb05ae-ff44-4e06-a320-5269d8c68eed	VAFSNVF	0.596726190476188	0.890290671860057	MuTect2
e185d16f-1bf4-4376-988b-0c28223edae7	MicroSEC	0.489906832298137	0.810839593923128	MuTect2
e185d16f-1bf4-4376-988b-0c28223edae7	MOBSNVF	0.879917184265011	0.959654863768036	MuTect2
e185d16f-1bf4-4376-988b-0c28223edae7	SOBDetector	0.741977225672877	0.905535678486487	MuTect2
e185d16f-1bf4-4376-988b-0c28223edae7	VAFSNVF	0.920031055900624	0.976093565924346	MuTect2
e8ec4d1f-465c-4e14-b00e-3058a9257f42	MicroSEC	0.593137254901961	0.648850915805717	MuTect2
e8ec4d1f-465c-4e14-b00e-3058a9257f42	MOBSNVF	0.900807381776237	0.922408220231853	MuTect2
e8ec4d1f-465c-4e14-b00e-3058a9257f42	SOBDetector	0.8739907727797	0.868758688425099	MuTect2
e8ec4d1f-465c-4e14-b00e-3058a9257f42	VAFSNVF	0.506343713956171	0.588233987905998	MuTect2
e9f98455-0ea2-473a-9a13-fe80e2d6d3b5	MicroSEC	0.805353994303543	0.349845412821871	MuTect2
e9f98455-0ea2-473a-9a13-fe80e2d6d3b5	MOBSNVF	0.679003880117739	0.248333709635179	MuTect2
e9f98455-0ea2-473a-9a13-fe80e2d6d3b5	SOBDetector	0.92427080545892	0.623621278652859	MuTect2
e9f98455-0ea2-473a-9a13-fe80e2d6d3b5	VAFSNVF	0.768213138881451	0.38058700472778	MuTect2
ee3d686e-fca9-48ad-9fd3-1dd6e1f99f28	MicroSEC	0.477678571428571	0.842654548971816	MuTect2
ee3d686e-fca9-48ad-9fd3-1dd6e1f99f28	MOBSNVF	0.839285714285724	0.956167006612216	MuTect2
ee3d686e-fca9-48ad-9fd3-1dd6e1f99f28	SOBDetector	0.711607142857143	0.880193236767199	MuTect2
ee3d686e-fca9-48ad-9fd3-1dd6e1f99f28	VAFSNVF	0.711607142857142	0.923735106547671	MuTect2
ee96399c-a40e-4a50-adca-70ec60d7e1e4	MicroSEC	0.819433198380565	0.298123288330349	MuTect2
ee96399c-a40e-4a50-adca-70ec60d7e1e4	MOBSNVF	0.747773279352225	0.235516784968799	MuTect2
ee96399c-a40e-4a50-adca-70ec60d7e1e4	SOBDetector	0.88582995951417	0.404540246051066	MuTect2
ee96399c-a40e-4a50-adca-70ec60d7e1e4	VAFSNVF	0.706072874493926	0.170765466569972	MuTect2
f1d986df-92de-4a1e-9af0-44e697f0c715	MicroSEC	0.728065648224608	0.231094729612221	MuTect2
f1d986df-92de-4a1e-9af0-44e697f0c715	MOBSNVF	0.743746262706796	0.31844230792173	MuTect2
f1d986df-92de-4a1e-9af0-44e697f0c715	SOBDetector	0.863563882798479	0.388519812382231	MuTect2
f1d986df-92de-4a1e-9af0-44e697f0c715	VAFSNVF	0.780571058401429	0.349981235529591	MuTect2
f55b2156-dbed-4210-86d3-1623ccb12a50	MicroSEC	0.573560862591339	0.776071286670267	MuTect2
f55b2156-dbed-4210-86d3-1623ccb12a50	MOBSNVF	0.890160484083137	0.934860534012179	MuTect2
f55b2156-dbed-4210-86d3-1623ccb12a50	SOBDetector	0.710558624923266	0.799881785202906	MuTect2
f55b2156-dbed-4210-86d3-1623ccb12a50	VAFSNVF	0.886564939051126	0.909083999888022	MuTect2
f6ffc6cb-f473-42ed-9e67-a991654915b0	MicroSEC	0.731726907630525	0.104818402561375	MuTect2
f6ffc6cb-f473-42ed-9e67-a991654915b0	MOBSNVF	0.669477911646588	0.0882527195821367	MuTect2
f6ffc6cb-f473-42ed-9e67-a991654915b0	SOBDetector	0.944310575635877	0.421458195118096	MuTect2
f6ffc6cb-f473-42ed-9e67-a991654915b0	VAFSNVF	0.816666666666667	0.144036379097448	MuTect2
f8372559-21ee-43a1-98a4-eac9a531469c	MicroSEC	0.503727865796831	0.562474144060834	MuTect2
f8372559-21ee-43a1-98a4-eac9a531469c	MOBSNVF	0.809437386569883	0.891023466684101	MuTect2
f8372559-21ee-43a1-98a4-eac9a531469c	SOBDetector	0.6483666061706	0.637849065558365	MuTect2
f8372559-21ee-43a1-98a4-eac9a531469c	VAFSNVF	0.784029038112531	0.724281943401195	MuTect2
0098d9ec-7eec-4d1f-a3bc-f4d6e790e0de	MOBSNVF	0.872166787523543	0.728729224060789	SomaticSniper
0098d9ec-7eec-4d1f-a3bc-f4d6e790e0de	SOBDetector	0.803513638465106	0.580474230998999	SomaticSniper
0098d9ec-7eec-4d1f-a3bc-f4d6e790e0de	VAFSNVF	0.473655719048052	0.268628097258791	SomaticSniper
053bf137-bc10-47e9-9bd0-fffedafecef2	MOBSNVF	0.793242580212909	0.449507350954614	SomaticSniper
053bf137-bc10-47e9-9bd0-fffedafecef2	SOBDetector	0.756324187059224	0.216486841231862	SomaticSniper
053bf137-bc10-47e9-9bd0-fffedafecef2	VAFSNVF	0.348040600380302	0.0421939238630063	SomaticSniper
07f457dc-8e5c-4fab-9881-1e0cf68dd840	MOBSNVF	0.831484960028337	0.611295678183344	SomaticSniper
07f457dc-8e5c-4fab-9881-1e0cf68dd840	SOBDetector	0.798688115069137	0.541979905332885	SomaticSniper
07f457dc-8e5c-4fab-9881-1e0cf68dd840	VAFSNVF	0.472254635954261	0.25666133042897	SomaticSniper
0d954a8b-7fc3-405d-8f22-8c92c60dde78	MOBSNVF	0.713509940693761	0.198411153544845	SomaticSniper
0d954a8b-7fc3-405d-8f22-8c92c60dde78	SOBDetector	0.701200460963476	0.13863424662972	SomaticSniper
0d954a8b-7fc3-405d-8f22-8c92c60dde78	VAFSNVF	0.358627826838933	0.0519293802282849	SomaticSniper
184b283e-621f-4adb-8b9a-bec00716b5ec	MOBSNVF	0.823880469450658	0.190993149788605	SomaticSniper
184b283e-621f-4adb-8b9a-bec00716b5ec	SOBDetector	0.790787438172706	0.0950253934820517	SomaticSniper
184b283e-621f-4adb-8b9a-bec00716b5ec	VAFSNVF	0.291919254643353	0.020214126777873	SomaticSniper
1951a1ab-acf1-4656-abef-febd0a9ec30c	MOBSNVF	0.691767807922684	0.186898830125377	SomaticSniper
1951a1ab-acf1-4656-abef-febd0a9ec30c	SOBDetector	0.682099205800505	0.140638554695158	SomaticSniper
1951a1ab-acf1-4656-abef-febd0a9ec30c	VAFSNVF	0.375052702823056	0.0580757951598837	SomaticSniper
1db7cb30-c1de-43d4-831a-2b1ce399b51a	MOBSNVF	0.75607797826367	0.264008680727831	SomaticSniper
1db7cb30-c1de-43d4-831a-2b1ce399b51a	SOBDetector	0.808607850982445	0.368829330486834	SomaticSniper
1db7cb30-c1de-43d4-831a-2b1ce399b51a	VAFSNVF	0.469583564704857	0.105605073167376	SomaticSniper
23f3c15d-21c2-43b6-8793-e1432c6f51f6	MOBSNVF	0.8465722956289	0.349538427772577	SomaticSniper
23f3c15d-21c2-43b6-8793-e1432c6f51f6	SOBDetector	0.777331144465349	0.196971430558374	SomaticSniper
23f3c15d-21c2-43b6-8793-e1432c6f51f6	VAFSNVF	0.338924911566423	0.0622254437890502	SomaticSniper
2ab05260-68d5-4454-8021-56ac2b653dec	MOBSNVF	0.693453338768626	0.189511810187374	SomaticSniper
2ab05260-68d5-4454-8021-56ac2b653dec	SOBDetector	0.704851736446045	0.180072273090222	SomaticSniper
2ab05260-68d5-4454-8021-56ac2b653dec	VAFSNVF	0.461525598643608	0.0924238575516795	SomaticSniper
2dbff952-c93f-4207-ac7e-1a651a7cfdf5	MOBSNVF	0.854578523783119	0.565050227483679	SomaticSniper
2dbff952-c93f-4207-ac7e-1a651a7cfdf5	SOBDetector	0.77516558786836	0.388340959352646	SomaticSniper
2dbff952-c93f-4207-ac7e-1a651a7cfdf5	VAFSNVF	0.485235310919569	0.191214340698902	SomaticSniper
35747597-f511-4954-b44f-98367268ad44	MOBSNVF	0.847147714335213	0.544824570067803	SomaticSniper
35747597-f511-4954-b44f-98367268ad44	SOBDetector	0.797185895378679	0.429572550768566	SomaticSniper
35747597-f511-4954-b44f-98367268ad44	VAFSNVF	0.358572944510444	0.160992557742245	SomaticSniper
3f6148ae-dc9b-47ea-ade9-9efb7f351de2	MOBSNVF	0.841808971413519	0.350029203907488	SomaticSniper
3f6148ae-dc9b-47ea-ade9-9efb7f351de2	SOBDetector	0.798773169206881	0.247607949801599	SomaticSniper
3f6148ae-dc9b-47ea-ade9-9efb7f351de2	VAFSNVF	0.381712176565852	0.06620088231484	SomaticSniper
4a09b0e1-b52e-4151-9f65-4f6d7da44745	MOBSNVF	0.716791992760209	0.192274093457391	SomaticSniper
4a09b0e1-b52e-4151-9f65-4f6d7da44745	SOBDetector	0.682108949077112	0.141269237305816	SomaticSniper
4a09b0e1-b52e-4151-9f65-4f6d7da44745	VAFSNVF	0.432479804887287	0.0727557131924476	SomaticSniper
547ef557-9804-413d-a357-6a1facbe1787	MOBSNVF	0.887558022583439	0.497482709291667	SomaticSniper
547ef557-9804-413d-a357-6a1facbe1787	SOBDetector	0.849804479203488	0.215060900084687	SomaticSniper
547ef557-9804-413d-a357-6a1facbe1787	VAFSNVF	0.269162717847511	0.0290696770773042	SomaticSniper
58a0b3bd-11d8-49ee-8ff2-088f8acbe370	MOBSNVF	0.79463512677799	0.163681481761389	SomaticSniper
58a0b3bd-11d8-49ee-8ff2-088f8acbe370	SOBDetector	0.781559177068919	0.0998565348700618	SomaticSniper
58a0b3bd-11d8-49ee-8ff2-088f8acbe370	VAFSNVF	0.337606804562151	0.0252513003183084	SomaticSniper
614ef862-2ec8-40a7-b1ab-1ee021288321	MOBSNVF	0.683297131753207	0.231719644030455	SomaticSniper
614ef862-2ec8-40a7-b1ab-1ee021288321	SOBDetector	0.688049504901319	0.187685474817172	SomaticSniper
614ef862-2ec8-40a7-b1ab-1ee021288321	VAFSNVF	0.415208390752655	0.0875176187739674	SomaticSniper
7c92e76b-5d03-47f1-9d2f-05cef4394122	MOBSNVF	0.745066463484352	0.547478898519536	SomaticSniper
7c92e76b-5d03-47f1-9d2f-05cef4394122	SOBDetector	0.720009161470553	0.435506368449858	SomaticSniper
7c92e76b-5d03-47f1-9d2f-05cef4394122	VAFSNVF	0.399232080272966	0.158994674786123	SomaticSniper
7da69668-a971-4065-b5ae-b2b795b265c7	MOBSNVF	0.843494182616023	0.604136550846613	SomaticSniper
7da69668-a971-4065-b5ae-b2b795b265c7	SOBDetector	0.771118286928157	0.472396708339697	SomaticSniper
7da69668-a971-4065-b5ae-b2b795b265c7	VAFSNVF	0.472769859592238	0.226415705741264	SomaticSniper
82524909-80a1-4979-adfd-11fae6d3d995	MOBSNVF	0.793620293910145	0.335571868566574	SomaticSniper
82524909-80a1-4979-adfd-11fae6d3d995	SOBDetector	0.809586221378176	0.382697608608589	SomaticSniper
82524909-80a1-4979-adfd-11fae6d3d995	VAFSNVF	0.433991291598339	0.115117447934952	SomaticSniper
8633466e-e6eb-48b4-93ac-9e902eee6b79	MOBSNVF	0.868619431079634	0.52556889436097	SomaticSniper
8633466e-e6eb-48b4-93ac-9e902eee6b79	SOBDetector	0.874758866985242	0.52662251489109	SomaticSniper
8633466e-e6eb-48b4-93ac-9e902eee6b79	VAFSNVF	0.34310651361688	0.125392216302922	SomaticSniper
8b87b299-68be-417e-9566-3d26fcf13d01	MOBSNVF	0.825263330731027	0.493615185511413	SomaticSniper
8b87b299-68be-417e-9566-3d26fcf13d01	SOBDetector	0.814605523961277	0.416959149831704	SomaticSniper
8b87b299-68be-417e-9566-3d26fcf13d01	VAFSNVF	0.456799509275439	0.147004551146424	SomaticSniper
8bfc8d19-1bc9-43d8-9a47-ca7c1109c51f	MOBSNVF	0.860606573087549	0.654412844754005	SomaticSniper
8bfc8d19-1bc9-43d8-9a47-ca7c1109c51f	SOBDetector	0.800576328051111	0.576615716069701	SomaticSniper
8bfc8d19-1bc9-43d8-9a47-ca7c1109c51f	VAFSNVF	0.485792603867184	0.247753603888455	SomaticSniper
8d61189c-ec02-47fb-aed1-b0e40ec59226	MOBSNVF	0.775301471151705	0.315756317796257	SomaticSniper
8d61189c-ec02-47fb-aed1-b0e40ec59226	SOBDetector	0.744748527025805	0.255662673679155	SomaticSniper
8d61189c-ec02-47fb-aed1-b0e40ec59226	VAFSNVF	0.384065798031526	0.08013605614429	SomaticSniper
9ce3888b-e1e3-44b1-bd5a-164289106cc3	MOBSNVF	0.862913271064248	0.527710973486525	SomaticSniper
9ce3888b-e1e3-44b1-bd5a-164289106cc3	SOBDetector	0.847239360746915	0.389103640927238	SomaticSniper
9ce3888b-e1e3-44b1-bd5a-164289106cc3	VAFSNVF	0.195713955348171	0.0494357282769555	SomaticSniper
a37e157c-7bae-426d-89a8-435091a572e6	MOBSNVF	0.853753935362236	0.569077045588388	SomaticSniper
a37e157c-7bae-426d-89a8-435091a572e6	SOBDetector	0.816501347384618	0.451058180879053	SomaticSniper
a37e157c-7bae-426d-89a8-435091a572e6	VAFSNVF	0.407890241146312	0.168621140918434	SomaticSniper
a3839581-dbd2-4be6-a8f5-a49366c02118	MOBSNVF	0.762150648811195	0.386052754507557	SomaticSniper
a3839581-dbd2-4be6-a8f5-a49366c02118	SOBDetector	0.771384734271765	0.435812391776167	SomaticSniper
a3839581-dbd2-4be6-a8f5-a49366c02118	VAFSNVF	0.433203375443605	0.160215400370827	SomaticSniper
a4394f0a-64e2-4c4e-bdb8-1ae7c6127cea	MOBSNVF	0.838780893327096	0.55999344705436	SomaticSniper
a4394f0a-64e2-4c4e-bdb8-1ae7c6127cea	SOBDetector	0.858517287733986	0.545593764964545	SomaticSniper
a4394f0a-64e2-4c4e-bdb8-1ae7c6127cea	VAFSNVF	0.183514546343931	0.101941874223186	SomaticSniper
ac5123a7-ef7e-469b-ba95-7b36c9991dd9	MOBSNVF	0.783136337259498	0.408837879817068	SomaticSniper
ac5123a7-ef7e-469b-ba95-7b36c9991dd9	SOBDetector	0.702881045929119	0.299023786728497	SomaticSniper
ac5123a7-ef7e-469b-ba95-7b36c9991dd9	VAFSNVF	0.502529733179785	0.135195035334064	SomaticSniper
addb16bb-6a21-493c-a6ab-6e666f66f6c4	MOBSNVF	0.840390858615936	0.23220842536696	SomaticSniper
addb16bb-6a21-493c-a6ab-6e666f66f6c4	SOBDetector	0.740898632498366	0.201693995794153	SomaticSniper
addb16bb-6a21-493c-a6ab-6e666f66f6c4	VAFSNVF	0.535576714743739	0.0640755742592743	SomaticSniper
b43b3b59-e400-4d45-a933-c2b6d534ecb8	MOBSNVF	0.827324069773434	0.282840605013977	SomaticSniper
b43b3b59-e400-4d45-a933-c2b6d534ecb8	SOBDetector	0.70016378609121	0.155910765686112	SomaticSniper
b43b3b59-e400-4d45-a933-c2b6d534ecb8	VAFSNVF	0.510164638836243	0.0495153399035738	SomaticSniper
b87e3985-2b05-43b8-abdf-13ee5e7ddd23	MOBSNVF	0.858294432372334	0.436707608196837	SomaticSniper
b87e3985-2b05-43b8-abdf-13ee5e7ddd23	SOBDetector	0.803713706110547	0.345070879415198	SomaticSniper
b87e3985-2b05-43b8-abdf-13ee5e7ddd23	VAFSNVF	0.425131705283371	0.109381215610053	SomaticSniper
bdafb9ac-850a-4706-9f6d-2e6dd2b1f75a	MOBSNVF	0.868545425681116	0.408895786382236	SomaticSniper
bdafb9ac-850a-4706-9f6d-2e6dd2b1f75a	SOBDetector	0.821089658026763	0.268225127312167	SomaticSniper
bdafb9ac-850a-4706-9f6d-2e6dd2b1f75a	VAFSNVF	0.343015122391095	0.0408560280488172	SomaticSniper
bf3cac3b-b63e-4459-9473-bfa4782ae637	MOBSNVF	0.873858982165253	0.673854768214195	SomaticSniper
bf3cac3b-b63e-4459-9473-bfa4782ae637	SOBDetector	0.805267888899673	0.513177870708013	SomaticSniper
bf3cac3b-b63e-4459-9473-bfa4782ae637	VAFSNVF	0.35436626502887	0.194168734583376	SomaticSniper
c3adcb4f-bfcb-4d93-892d-7e4262c1b1ef	MOBSNVF	0.717719249337909	0.262934047307839	SomaticSniper
c3adcb4f-bfcb-4d93-892d-7e4262c1b1ef	SOBDetector	0.779272171861448	0.339839108153566	SomaticSniper
c3adcb4f-bfcb-4d93-892d-7e4262c1b1ef	VAFSNVF	0.434561390448194	0.103797477931319	SomaticSniper
c9ae4aa3-f76d-4c7a-ad7a-17d82c71f600	MOBSNVF	0.864862396554728	0.314942220983498	SomaticSniper
c9ae4aa3-f76d-4c7a-ad7a-17d82c71f600	SOBDetector	0.776423543839368	0.181419811159179	SomaticSniper
c9ae4aa3-f76d-4c7a-ad7a-17d82c71f600	VAFSNVF	0.410525500247651	0.0569407775620354	SomaticSniper
cada6b29-1050-4704-b939-a1312f065e03	MOBSNVF	0.804417240385397	0.411863294118338	SomaticSniper
cada6b29-1050-4704-b939-a1312f065e03	SOBDetector	0.767910747272984	0.390403302614225	SomaticSniper
cada6b29-1050-4704-b939-a1312f065e03	VAFSNVF	0.433613813666241	0.131271688020372	SomaticSniper
cb4ae5e1-c670-45e4-8571-579f760328d6	MOBSNVF	0.798559252401551	0.34760848875849	SomaticSniper
cb4ae5e1-c670-45e4-8571-579f760328d6	SOBDetector	0.839207280077868	0.415103566384797	SomaticSniper
cb4ae5e1-c670-45e4-8571-579f760328d6	VAFSNVF	0.402881878000852	0.105939956684727	SomaticSniper
ce8a3d38-7199-4da4-8daf-170e0ae309ef	MOBSNVF	0.860632277634626	0.781880038354505	SomaticSniper
ce8a3d38-7199-4da4-8daf-170e0ae309ef	SOBDetector	0.804441163107664	0.67654596067533	SomaticSniper
ce8a3d38-7199-4da4-8daf-170e0ae309ef	VAFSNVF	0.479612837992107	0.367709961355418	SomaticSniper
cf8df1e8-1994-432f-9779-6c177569f6fd	MOBSNVF	0.82477832090005	0.141650497290665	SomaticSniper
cf8df1e8-1994-432f-9779-6c177569f6fd	SOBDetector	0.720549505848708	0.129642750746506	SomaticSniper
cf8df1e8-1994-432f-9779-6c177569f6fd	VAFSNVF	0.554855912628839	0.0536845283186882	SomaticSniper
cf9257d2-9d4d-4062-857b-9f5a7684e410	MOBSNVF	0.653553293522631	0.267603533942418	SomaticSniper
cf9257d2-9d4d-4062-857b-9f5a7684e410	SOBDetector	0.700898400739297	0.247828129983189	SomaticSniper
cf9257d2-9d4d-4062-857b-9f5a7684e410	VAFSNVF	0.39230235175246	0.107605576960644	SomaticSniper
d1cc0503-c7d1-4cff-8c4a-5670da5c9beb	MOBSNVF	0.849369473677824	0.373828910173189	SomaticSniper
d1cc0503-c7d1-4cff-8c4a-5670da5c9beb	SOBDetector	0.824226492841653	0.197028424388946	SomaticSniper
d1cc0503-c7d1-4cff-8c4a-5670da5c9beb	VAFSNVF	0.216582122934083	0.0251606240985434	SomaticSniper
d7573d85-1ecd-4286-8d8d-d9440edaa20b	MOBSNVF	0.722849724725159	0.232457443494267	SomaticSniper
d7573d85-1ecd-4286-8d8d-d9440edaa20b	SOBDetector	0.700634594608548	0.182931555026976	SomaticSniper
d7573d85-1ecd-4286-8d8d-d9440edaa20b	VAFSNVF	0.379091708219819	0.0710463875328338	SomaticSniper
e10a33ef-b683-42a6-915c-4a50b4ff4cd5	MOBSNVF	0.875926512812165	0.462950182985945	SomaticSniper
e10a33ef-b683-42a6-915c-4a50b4ff4cd5	SOBDetector	0.81870220851753	0.288313693841006	SomaticSniper
e10a33ef-b683-42a6-915c-4a50b4ff4cd5	VAFSNVF	0.34952800921222	0.0491741029039914	SomaticSniper
e280d060-0580-40af-9011-ac2f40dcb212	MOBSNVF	0.896255066336033	0.5256703541686	SomaticSniper
e280d060-0580-40af-9011-ac2f40dcb212	SOBDetector	0.849717261904763	0.369706882476159	SomaticSniper
e280d060-0580-40af-9011-ac2f40dcb212	VAFSNVF	0.26580231483636	0.0791930311600288	SomaticSniper
ec912425-07be-46b0-9137-4765c0a5494c	MOBSNVF	0.856175295718569	0.596954150088875	SomaticSniper
ec912425-07be-46b0-9137-4765c0a5494c	SOBDetector	0.779414261460078	0.47457448375432	SomaticSniper
ec912425-07be-46b0-9137-4765c0a5494c	VAFSNVF	0.492243923599904	0.18412570408775	SomaticSniper
ecd7e28e-47b3-4806-8c70-4b014350b287	MOBSNVF	0.736039212754356	0.268502507296126	SomaticSniper
ecd7e28e-47b3-4806-8c70-4b014350b287	SOBDetector	0.735109279102293	0.225331806388809	SomaticSniper
ecd7e28e-47b3-4806-8c70-4b014350b287	VAFSNVF	0.365616674102886	0.0628889841911455	SomaticSniper
ed0f33c6-4e34-414b-8e0d-4c7aba4ae6c0	MOBSNVF	0.855856936289602	0.174732955498616	SomaticSniper
ed0f33c6-4e34-414b-8e0d-4c7aba4ae6c0	SOBDetector	0.792583108848146	0.151758000574986	SomaticSniper
ed0f33c6-4e34-414b-8e0d-4c7aba4ae6c0	VAFSNVF	0.457663417926529	0.0370863553888265	SomaticSniper
f06ada10-2055-4816-8317-6b113a057dd1	MOBSNVF	0.850252489224436	0.458078319919905	SomaticSniper
f06ada10-2055-4816-8317-6b113a057dd1	SOBDetector	0.801209339662214	0.289205105547785	SomaticSniper
f06ada10-2055-4816-8317-6b113a057dd1	VAFSNVF	0.36318510085496	0.0897720581727751	SomaticSniper
f34f46ca-c20e-4572-b624-84584fad2dd7	MOBSNVF	0.793467414699561	0.489554531364948	SomaticSniper
f34f46ca-c20e-4572-b624-84584fad2dd7	SOBDetector	0.715767328542524	0.390591858792235	SomaticSniper
f34f46ca-c20e-4572-b624-84584fad2dd7	VAFSNVF	0.557507027510203	0.213244377774702	SomaticSniper
f3553ba8-ea7b-4741-a94c-db5a2302041d	MOBSNVF	0.870781942163156	0.657368571454309	SomaticSniper
f3553ba8-ea7b-4741-a94c-db5a2302041d	SOBDetector	0.82199012684127	0.518333901847275	SomaticSniper
f3553ba8-ea7b-4741-a94c-db5a2302041d	VAFSNVF	0.393253695684635	0.191661278679691	SomaticSniper
f73db8f5-29a8-4e38-ada8-c47f7a5a0568	MOBSNVF	0.775342783264445	0.342449575541188	SomaticSniper
f73db8f5-29a8-4e38-ada8-c47f7a5a0568	SOBDetector	0.687113786270776	0.224432290672028	SomaticSniper
f73db8f5-29a8-4e38-ada8-c47f7a5a0568	VAFSNVF	0.484019020464077	0.0698176431978539	SomaticSniper
00ba74f2-f303-4054-bd95-524b7a803d47	MOBSNVF	0.785326086956515	0.432471142803492	VarScan2
00ba74f2-f303-4054-bd95-524b7a803d47	SOBDetector	0.685106107660456	0.294337010966759	VarScan2
00ba74f2-f303-4054-bd95-524b7a803d47	VAFSNVF	0.520315734989648	0.22819868892476	VarScan2
0376f5e9-621a-4038-a2dd-d1cc9fb23418	MOBSNVF	0.89316945200156	0.730747985771899	VarScan2
0376f5e9-621a-4038-a2dd-d1cc9fb23418	SOBDetector	0.581301010493587	0.314883389794731	VarScan2
0376f5e9-621a-4038-a2dd-d1cc9fb23418	VAFSNVF	0.706851599948183	0.511193105812375	VarScan2
07811ad4-bf86-466d-ba17-b12f509f82e1	MOBSNVF	0.840345365418917	0.0566619246042324	VarScan2
07811ad4-bf86-466d-ba17-b12f509f82e1	SOBDetector	0.702765151515144	0.0219956596369256	VarScan2
07811ad4-bf86-466d-ba17-b12f509f82e1	VAFSNVF	0.777633689839579	0.0444876766537248	VarScan2
08f00e74-bd40-4017-9322-40afe6dc88ba	MOBSNVF	0.759069767441861	0.245672733330187	VarScan2
08f00e74-bd40-4017-9322-40afe6dc88ba	SOBDetector	0.566027131782946	0.1377295628391	VarScan2
08f00e74-bd40-4017-9322-40afe6dc88ba	VAFSNVF	0.725620155038761	0.248122819031616	VarScan2
10e381d9-5649-4337-99ac-1f7e25b433ff	MOBSNVF	0.865220615498701	0.562173616407908	VarScan2
10e381d9-5649-4337-99ac-1f7e25b433ff	SOBDetector	0.602335928809789	0.255976523671774	VarScan2
10e381d9-5649-4337-99ac-1f7e25b433ff	VAFSNVF	0.661661104931404	0.338722016131546	VarScan2
18521cc7-e72c-41be-8f07-daedc2c5572d	MOBSNVF	0.80493265993266	0.737963973043564	VarScan2
18521cc7-e72c-41be-8f07-daedc2c5572d	SOBDetector	0.686447811447811	0.564046064364982	VarScan2
18521cc7-e72c-41be-8f07-daedc2c5572d	VAFSNVF	0.6926936026936	0.663957738246657	VarScan2
19af3825-ef0f-432b-b7d9-fcd1ad306b81	MOBSNVF	0.72356164383562	0.356095193915745	VarScan2
19af3825-ef0f-432b-b7d9-fcd1ad306b81	SOBDetector	0.690799086757993	0.271242447057248	VarScan2
19af3825-ef0f-432b-b7d9-fcd1ad306b81	VAFSNVF	0.62004566210046	0.26978190161931	VarScan2
1b3b0057-c99c-4cdf-9fe0-501d5d297321	MOBSNVF	0.7682769726248	0.228928770722735	VarScan2
1b3b0057-c99c-4cdf-9fe0-501d5d297321	SOBDetector	0.74558507783145	0.16396334719623	VarScan2
1b3b0057-c99c-4cdf-9fe0-501d5d297321	VAFSNVF	0.667055823939884	0.150381825500253	VarScan2
1c59963c-03b2-4ea9-939c-6f17b1606686	MOBSNVF	0.863036264597751	0.0582320234502911	VarScan2
1c59963c-03b2-4ea9-939c-6f17b1606686	SOBDetector	0.634503744052788	0.0180978894579622	VarScan2
1c59963c-03b2-4ea9-939c-6f17b1606686	VAFSNVF	0.834832531358129	0.048993585096439	VarScan2
211e5178-0c71-44da-b9bb-b138642efc85	MOBSNVF	0.875468591691995	0.702038739254326	VarScan2
211e5178-0c71-44da-b9bb-b138642efc85	SOBDetector	0.651025835866262	0.317979614493773	VarScan2
211e5178-0c71-44da-b9bb-b138642efc85	VAFSNVF	0.737006079027356	0.502754703419738	VarScan2
224f5052-e7fd-48f7-bc26-57254af8696d	MOBSNVF	0.790098954022115	0.512811557339929	VarScan2
224f5052-e7fd-48f7-bc26-57254af8696d	SOBDetector	0.617973511927158	0.2954052799402	VarScan2
224f5052-e7fd-48f7-bc26-57254af8696d	VAFSNVF	0.818355406727368	0.614939195292907	VarScan2
22e2f262-51b8-4617-b719-6720e86f5edf	MOBSNVF	0.871590674644118	0.76753175033784	VarScan2
22e2f262-51b8-4617-b719-6720e86f5edf	SOBDetector	0.699009696719621	0.524777886559664	VarScan2
22e2f262-51b8-4617-b719-6720e86f5edf	VAFSNVF	0.751722715081495	0.59510630536984	VarScan2
2422a154-f7f4-4509-9e1a-b814086fcc0e	MOBSNVF	0.791823683910017	0.372458139611903	VarScan2
2422a154-f7f4-4509-9e1a-b814086fcc0e	SOBDetector	0.649052186821972	0.220287277091444	VarScan2
2422a154-f7f4-4509-9e1a-b814086fcc0e	VAFSNVF	0.736011191047163	0.352568594142809	VarScan2
24810eda-8a47-4001-8283-b4b0d72f003f	MOBSNVF	0.901938437560883	0.778128580888246	VarScan2
24810eda-8a47-4001-8283-b4b0d72f003f	SOBDetector	0.606604324956167	0.248480949591976	VarScan2
24810eda-8a47-4001-8283-b4b0d72f003f	VAFSNVF	0.827415741281902	0.741329040650965	VarScan2
2657b8e5-02e7-4beb-969c-cd91ce6cfc3a	MOBSNVF	0.854202489150904	0.34894752965192	VarScan2
2657b8e5-02e7-4beb-969c-cd91ce6cfc3a	SOBDetector	0.760190643849455	0.153687765671002	VarScan2
2657b8e5-02e7-4beb-969c-cd91ce6cfc3a	VAFSNVF	0.735630066322771	0.311880404912525	VarScan2
2fa86a3a-1171-4131-a321-85033e79ec03	MOBSNVF	0.787544563279854	0.704610159487132	VarScan2
2fa86a3a-1171-4131-a321-85033e79ec03	SOBDetector	0.674799465240641	0.596142095819295	VarScan2
2fa86a3a-1171-4131-a321-85033e79ec03	VAFSNVF	0.732620320855613	0.709212742130314	VarScan2
3100bbd4-b418-407e-ae6c-07f123931526	MOBSNVF	0.894287228404878	0.0704061768165067	VarScan2
3100bbd4-b418-407e-ae6c-07f123931526	SOBDetector	0.659438261791203	0.0167953824420671	VarScan2
3100bbd4-b418-407e-ae6c-07f123931526	VAFSNVF	0.809867514573402	0.0779533796972077	VarScan2
430e1f07-2926-4cbd-b56f-7c5500d9cfc1	MOBSNVF	0.861393323657473	0.124660847198745	VarScan2
430e1f07-2926-4cbd-b56f-7c5500d9cfc1	SOBDetector	0.701400153675403	0.0418474764587701	VarScan2
430e1f07-2926-4cbd-b56f-7c5500d9cfc1	VAFSNVF	0.821629813028259	0.14772196290566	VarScan2
48d44e42-e442-44e4-a826-03eafb0d42e8	MOBSNVF	0.776867298180904	0.575864676095519	VarScan2
48d44e42-e442-44e4-a826-03eafb0d42e8	SOBDetector	0.817713136054996	0.541080926566526	VarScan2
48d44e42-e442-44e4-a826-03eafb0d42e8	VAFSNVF	0.787985162209747	0.624762986222213	VarScan2
4ffb882d-cbde-429e-9804-3b53dd864951	MOBSNVF	0.85254185381788	0.654464501260049	VarScan2
4ffb882d-cbde-429e-9804-3b53dd864951	SOBDetector	0.668089015924869	0.393842888443559	VarScan2
4ffb882d-cbde-429e-9804-3b53dd864951	VAFSNVF	0.609810126582279	0.418525588013232	VarScan2
5b8f676b-d7cf-47f3-8a05-d9b78d0e647e	MOBSNVF	0.738551888195065	0.680552031644261	VarScan2
5b8f676b-d7cf-47f3-8a05-d9b78d0e647e	SOBDetector	0.589614927148379	0.537271349212735	VarScan2
5b8f676b-d7cf-47f3-8a05-d9b78d0e647e	VAFSNVF	0.742975022301519	0.743712608849833	VarScan2
6827ffd5-3ba1-4084-9150-536eb74e9cf5	MOBSNVF	0.719696969696973	0.833147594344801	VarScan2
6827ffd5-3ba1-4084-9150-536eb74e9cf5	SOBDetector	0.586224082934608	0.775933533335863	VarScan2
6827ffd5-3ba1-4084-9150-536eb74e9cf5	VAFSNVF	0.514653110047847	0.712305418702408	VarScan2
73452db7-2010-41cd-ae01-5ce5f64fe673	MOBSNVF	0.837330590144994	0.207709360463676	VarScan2
73452db7-2010-41cd-ae01-5ce5f64fe673	SOBDetector	0.736345586425654	0.0969269555914884	VarScan2
73452db7-2010-41cd-ae01-5ce5f64fe673	VAFSNVF	0.780923779737462	0.251522884956348	VarScan2
7f0fa6a4-1b0a-412f-997d-bd35b76cf8dd	MOBSNVF	0.878998101358259	0.867082861240411	VarScan2
7f0fa6a4-1b0a-412f-997d-bd35b76cf8dd	SOBDetector	0.60847816561998	0.534676239693217	VarScan2
7f0fa6a4-1b0a-412f-997d-bd35b76cf8dd	VAFSNVF	0.794033883452607	0.836454610739517	VarScan2
83d37e10-8440-46d3-a15f-421426a3cbc7	MOBSNVF	0.895719302294902	0.411789088703666	VarScan2
83d37e10-8440-46d3-a15f-421426a3cbc7	SOBDetector	0.595913841994197	0.0785644044564642	VarScan2
83d37e10-8440-46d3-a15f-421426a3cbc7	VAFSNVF	0.881526559614872	0.49780816374244	VarScan2
8511d4f8-496f-4120-a754-fcd9771538fe	MOBSNVF	0.819800569800567	0.256684536428461	VarScan2
8511d4f8-496f-4120-a754-fcd9771538fe	SOBDetector	0.694069575648523	0.154584580817426	VarScan2
8511d4f8-496f-4120-a754-fcd9771538fe	VAFSNVF	0.81518968361073	0.374378048575844	VarScan2
85e68901-c001-4100-9270-cf3bd931fa49	MOBSNVF	0.789339103068445	0.75345565126271	VarScan2
85e68901-c001-4100-9270-cf3bd931fa49	SOBDetector	0.579464988198268	0.542736901400728	VarScan2
85e68901-c001-4100-9270-cf3bd931fa49	VAFSNVF	0.521767637031208	0.521342645677386	VarScan2
8ac49fdc-3183-4931-8279-c56787fd8d98	MOBSNVF	0.754046062869583	0.500517424845265	VarScan2
8ac49fdc-3183-4931-8279-c56787fd8d98	SOBDetector	0.592436974789913	0.30786077284059	VarScan2
8ac49fdc-3183-4931-8279-c56787fd8d98	VAFSNVF	0.70813881107999	0.442386823903351	VarScan2
8dbb6395-3d9b-43ce-9df2-c30639666856	MOBSNVF	0.80683908045976	0.70214077774782	VarScan2
8dbb6395-3d9b-43ce-9df2-c30639666856	SOBDetector	0.581551724137931	0.478786362218216	VarScan2
8dbb6395-3d9b-43ce-9df2-c30639666856	VAFSNVF	0.687068965517241	0.659368720405941	VarScan2
9daf8552-04e5-4f37-9646-5302daa0a032	MOBSNVF	0.882198703279948	0.491364079660768	VarScan2
9daf8552-04e5-4f37-9646-5302daa0a032	SOBDetector	0.642305491990846	0.198878950846981	VarScan2
9daf8552-04e5-4f37-9646-5302daa0a032	VAFSNVF	0.695473398169338	0.308478908411035	VarScan2
a3b6625e-0ec4-4318-88c8-9226f6ce9756	MOBSNVF	0.838404571615614	0.436079259349352	VarScan2
a3b6625e-0ec4-4318-88c8-9226f6ce9756	SOBDetector	0.7602629497286	0.274983852449738	VarScan2
a3b6625e-0ec4-4318-88c8-9226f6ce9756	VAFSNVF	0.847692370639102	0.56484618373835	VarScan2
abce0b6d-0956-4e4a-b848-dd12f4a331ae	MOBSNVF	0.847744978411864	0.506976072445657	VarScan2
abce0b6d-0956-4e4a-b848-dd12f4a331ae	SOBDetector	0.759542581815917	0.292437012882592	VarScan2
abce0b6d-0956-4e4a-b848-dd12f4a331ae	VAFSNVF	0.779926162317753	0.455181320627738	VarScan2
ac3bc4fe-3aa3-42ee-b4f0-b5c2189f53f0	MOBSNVF	0.715080294412846	0.289733955197038	VarScan2
ac3bc4fe-3aa3-42ee-b4f0-b5c2189f53f0	SOBDetector	0.616175978588155	0.198167060798328	VarScan2
ac3bc4fe-3aa3-42ee-b4f0-b5c2189f53f0	VAFSNVF	0.725911676145865	0.436544732830862	VarScan2
b5f96780-0553-489e-9cac-6c151bc033cd	MOBSNVF	0.758322155834659	0.839848695752461	VarScan2
b5f96780-0553-489e-9cac-6c151bc033cd	SOBDetector	0.615976710157298	0.74664134241426	VarScan2
b5f96780-0553-489e-9cac-6c151bc033cd	VAFSNVF	0.619528106328498	0.770051684573348	VarScan2
bd67febd-9eb4-4018-a24f-3bf64419607c	MOBSNVF	0.787292817679556	0.53824764798659	VarScan2
bd67febd-9eb4-4018-a24f-3bf64419607c	SOBDetector	0.673495013274018	0.372851277432859	VarScan2
bd67febd-9eb4-4018-a24f-3bf64419607c	VAFSNVF	0.667934275669078	0.477495255055491	VarScan2
c18c2d3c-69d0-42c8-90dd-a6fd6ca3fc03	MOBSNVF	0.911263309008254	0.717641814472409	VarScan2
c18c2d3c-69d0-42c8-90dd-a6fd6ca3fc03	SOBDetector	0.660548842897211	0.317382794888221	VarScan2
c18c2d3c-69d0-42c8-90dd-a6fd6ca3fc03	VAFSNVF	0.84499408488522	0.67234631017384	VarScan2
c2ec3ac0-a6e8-456c-b5aa-523adb91e5d6	MOBSNVF	0.715307378990242	0.332416731180763	VarScan2
c2ec3ac0-a6e8-456c-b5aa-523adb91e5d6	SOBDetector	0.648290233967985	0.260649416461538	VarScan2
c2ec3ac0-a6e8-456c-b5aa-523adb91e5d6	VAFSNVF	0.765226863692335	0.353792197699644	VarScan2
c78d867e-4337-4e3d-83c1-8af404cda80f	MOBSNVF	0.757669902912612	0.620771897139897	VarScan2
c78d867e-4337-4e3d-83c1-8af404cda80f	SOBDetector	0.758252427184465	0.591474463083553	VarScan2
c78d867e-4337-4e3d-83c1-8af404cda80f	VAFSNVF	0.589611650485435	0.4520772214939	VarScan2
c8054bb1-7031-44e5-9bbf-62f46f49bf17	MOBSNVF	0.795771756978651	0.187366989480573	VarScan2
c8054bb1-7031-44e5-9bbf-62f46f49bf17	SOBDetector	0.754390580683658	0.121880761072184	VarScan2
c8054bb1-7031-44e5-9bbf-62f46f49bf17	VAFSNVF	0.76389013285565	0.244428529535995	VarScan2
ce6f2e5b-e183-4155-9db2-3ae8a5fe0e25	MOBSNVF	0.841262587797239	0.689916849235996	VarScan2
ce6f2e5b-e183-4155-9db2-3ae8a5fe0e25	SOBDetector	0.661902344080563	0.46707637515916	VarScan2
ce6f2e5b-e183-4155-9db2-3ae8a5fe0e25	VAFSNVF	0.533062537022934	0.400449125349084	VarScan2
d146e8cf-b4ce-473f-9307-435fed36dbc1	MOBSNVF	0.804919053549189	0.789299334114773	VarScan2
d146e8cf-b4ce-473f-9307-435fed36dbc1	SOBDetector	0.676899128268991	0.663304611295371	VarScan2
d146e8cf-b4ce-473f-9307-435fed36dbc1	VAFSNVF	0.668212951432127	0.739336224736541	VarScan2
d8d3c6cc-9299-4a90-84e1-ea0caff93cb8	MOBSNVF	0.834838709677409	0.74891404870631	VarScan2
d8d3c6cc-9299-4a90-84e1-ea0caff93cb8	SOBDetector	0.633653007846556	0.492080241080234	VarScan2
d8d3c6cc-9299-4a90-84e1-ea0caff93cb8	VAFSNVF	0.591909328683522	0.52125693677353	VarScan2
dd98f8d3-c819-4e67-be1b-0a48ac31c44e	MOBSNVF	0.948441217287866	0.786157170353962	VarScan2
dd98f8d3-c819-4e67-be1b-0a48ac31c44e	SOBDetector	0.657730719666935	0.256121326885003	VarScan2
dd98f8d3-c819-4e67-be1b-0a48ac31c44e	VAFSNVF	0.885482751784298	0.717121448401562	VarScan2
e02307de-1c40-47d6-9842-4acdf70a718d	MOBSNVF	0.942030188237133	0.830855463395422	VarScan2
e02307de-1c40-47d6-9842-4acdf70a718d	SOBDetector	0.696252831367649	0.391254426371756	VarScan2
e02307de-1c40-47d6-9842-4acdf70a718d	VAFSNVF	0.938305475279234	0.886390127521467	VarScan2
e308c3f3-1266-4eb1-8e9c-9fbb9feb819c	MOBSNVF	0.84477040816326	0.745836055873793	VarScan2
e308c3f3-1266-4eb1-8e9c-9fbb9feb819c	SOBDetector	0.680548469387754	0.549022390748716	VarScan2
e308c3f3-1266-4eb1-8e9c-9fbb9feb819c	VAFSNVF	0.750063775510201	0.621728139546659	VarScan2
e7d27f03-63c4-4a02-ae8f-b1931578e9cc	MOBSNVF	0.85014369830366	0.408868309993452	VarScan2
e7d27f03-63c4-4a02-ae8f-b1931578e9cc	SOBDetector	0.763963269311655	0.211702709823907	VarScan2
e7d27f03-63c4-4a02-ae8f-b1931578e9cc	VAFSNVF	0.740543848107354	0.319812973520483	VarScan2
e8e0258f-0688-44a9-a06d-ee9d9e6dcccb	MOBSNVF	0.742858432507435	0.768017119888749	VarScan2
e8e0258f-0688-44a9-a06d-ee9d9e6dcccb	SOBDetector	0.708477645201729	0.709721194789706	VarScan2
e8e0258f-0688-44a9-a06d-ee9d9e6dcccb	VAFSNVF	0.700612583891753	0.676795954647614	VarScan2
f2e266a9-a4e9-40d2-96ed-4465792924ce	MOBSNVF	0.654761904761904	0.731387864795421	VarScan2
f2e266a9-a4e9-40d2-96ed-4465792924ce	SOBDetector	0.578933747412009	0.719481835311561	VarScan2
f2e266a9-a4e9-40d2-96ed-4465792924ce	VAFSNVF	0.709239130434784	0.818287470216582	VarScan2
f8c1d85b-05bd-4f0c-a996-ceae32c805b1	MOBSNVF	0.64228255404726	0.0920750371079958	VarScan2
f8c1d85b-05bd-4f0c-a996-ceae32c805b1	SOBDetector	0.61173956762192	0.0821194537413797	VarScan2
f8c1d85b-05bd-4f0c-a996-ceae32c805b1	VAFSNVF	0.613499245852184	0.121672890012285	VarScan2
fe1d1217-b8cf-455b-a89c-d259e46f7e86	MOBSNVF	0.795833333333324	0.831504319091851	VarScan2
fe1d1217-b8cf-455b-a89c-d259e46f7e86	SOBDetector	0.580598958333334	0.655702734593639	VarScan2
fe1d1217-b8cf-455b-a89c-d259e46f7e86	VAFSNVF	0.680468749999999	0.773854723569373	VarScan2
ff173879-8fbb-4f7b-848d-a77048b640c1	MOBSNVF	0.846613242071022	0.453205627525958	VarScan2
ff173879-8fbb-4f7b-848d-a77048b640c1	SOBDetector	0.752397329899702	0.278084328958428	VarScan2
ff173879-8fbb-4f7b-848d-a77048b640c1	VAFSNVF	0.754701477365139	0.417995398065923	VarScan2
