sample_name	model	auroc	auprc	workflow_type	workflow_type_right
0098d9ec-7eec-4d1f-a3bc-f4d6e790e0de	MicroSEC	0.514053921444221	0.246789795265292	SomaticSniper	SomaticSniper
0098d9ec-7eec-4d1f-a3bc-f4d6e790e0de	MOBSNVF	0.871850576185344	0.731154755659502	SomaticSniper	SomaticSniper
0098d9ec-7eec-4d1f-a3bc-f4d6e790e0de	SOBDetector	0.778969619439148	0.561954951580213	SomaticSniper	SomaticSniper
0098d9ec-7eec-4d1f-a3bc-f4d6e790e0de	VAFSNVF	0.471786136882647	0.268780207966876	SomaticSniper	SomaticSniper
00ba74f2-f303-4054-bd95-524b7a803d47	MicroSEC	0.674494949494946	0.345319100908386	VarScan2	VarScan2
00ba74f2-f303-4054-bd95-524b7a803d47	MOBSNVF	0.785326086956515	0.432471142803492	VarScan2	VarScan2
00ba74f2-f303-4054-bd95-524b7a803d47	SOBDetector	0.644306586270872	0.370117794802373	VarScan2	VarScan2
00ba74f2-f303-4054-bd95-524b7a803d47	VAFSNVF	0.520315734989648	0.22819868892476	VarScan2	VarScan2
03670742-50ed-4212-b566-784e1d0a1053	MicroSEC	0.581539465101108	0.80639508559319	MuSE	MuSE
03670742-50ed-4212-b566-784e1d0a1053	MOBSNVF	0.667318982387477	0.841781138784642	MuSE	MuSE
03670742-50ed-4212-b566-784e1d0a1053	SOBDetector	0.679410294852573	0.87039899299344	MuSE	MuSE
03670742-50ed-4212-b566-784e1d0a1053	VAFSNVF	0.48825831702544	0.795134287836728	MuSE	MuSE
0376f5e9-621a-4038-a2dd-d1cc9fb23418	MicroSEC	0.534830567425223	0.311578858304618	VarScan2	VarScan2
0376f5e9-621a-4038-a2dd-d1cc9fb23418	MOBSNVF	0.89316945200156	0.730747985771899	VarScan2	VarScan2
0376f5e9-621a-4038-a2dd-d1cc9fb23418	SOBDetector	0.610032826944595	0.566847391779191	VarScan2	VarScan2
0376f5e9-621a-4038-a2dd-d1cc9fb23418	VAFSNVF	0.706851599948183	0.511193105812375	VarScan2	VarScan2
053bf137-bc10-47e9-9bd0-fffedafecef2	MicroSEC	0.533173797916294	0.0608296979184337	SomaticSniper	SomaticSniper
053bf137-bc10-47e9-9bd0-fffedafecef2	MOBSNVF	0.79194548947302	0.449829176054393	SomaticSniper	SomaticSniper
053bf137-bc10-47e9-9bd0-fffedafecef2	SOBDetector	0.758441756414829	0.218992649178044	SomaticSniper	SomaticSniper
053bf137-bc10-47e9-9bd0-fffedafecef2	VAFSNVF	0.34743905212267	0.0422844826753964	SomaticSniper	SomaticSniper
066565d1-104d-4f18-ab2a-406cf81c7aaa	MicroSEC	0.784946236559141	0.928390067937677	MuSE	MuSE
066565d1-104d-4f18-ab2a-406cf81c7aaa	MOBSNVF	0.978494623655915	0.995863396363573	MuSE	MuSE
066565d1-104d-4f18-ab2a-406cf81c7aaa	SOBDetector	0.737113402061853	0.912435151885365	MuSE	MuSE
066565d1-104d-4f18-ab2a-406cf81c7aaa	VAFSNVF	0.553763440860218	0.865021249884884	MuSE	MuSE
07811ad4-bf86-466d-ba17-b12f509f82e1	MicroSEC	0.502112947492077	0.0129522405708921	VarScan2	VarScan2
07811ad4-bf86-466d-ba17-b12f509f82e1	MOBSNVF	0.840345365418917	0.0566619246042324	VarScan2	VarScan2
07811ad4-bf86-466d-ba17-b12f509f82e1	SOBDetector	0.710384708157069	0.0176232773605716	VarScan2	VarScan2
07811ad4-bf86-466d-ba17-b12f509f82e1	VAFSNVF	0.777633689839579	0.0444876766537248	VarScan2	VarScan2
07f457dc-8e5c-4fab-9881-1e0cf68dd840	MicroSEC	0.527828156880527	0.269877092820434	SomaticSniper	SomaticSniper
07f457dc-8e5c-4fab-9881-1e0cf68dd840	MOBSNVF	0.831225852877543	0.616883955991994	SomaticSniper	SomaticSniper
07f457dc-8e5c-4fab-9881-1e0cf68dd840	SOBDetector	0.758145652012367	0.53866740423048	SomaticSniper	SomaticSniper
07f457dc-8e5c-4fab-9881-1e0cf68dd840	VAFSNVF	0.471121652004908	0.258766801570328	SomaticSniper	SomaticSniper
0815b61e-3e31-44b8-b25d-f2ee96d1a2c3	MicroSEC	0.731955527660716	0.0635373549265035	MuTect2	MuTect2
0815b61e-3e31-44b8-b25d-f2ee96d1a2c3	MOBSNVF	0.593228279386714	0.0399041058839979	MuTect2	MuTect2
0815b61e-3e31-44b8-b25d-f2ee96d1a2c3	SOBDetector	0.926469840947193	0.141803693618934	MuTect2	MuTect2
0815b61e-3e31-44b8-b25d-f2ee96d1a2c3	VAFSNVF	0.493057921635436	0.0306373101390317	MuTect2	MuTect2
08a1a0f1-054a-4a75-9c20-d048c14f3de1	MicroSEC	0.595162147793727	0.86579305932376	MuSE	MuSE
08a1a0f1-054a-4a75-9c20-d048c14f3de1	MOBSNVF	0.628389154704942	0.875789599726495	MuSE	MuSE
08a1a0f1-054a-4a75-9c20-d048c14f3de1	SOBDetector	0.569629326233873	0.874217681555314	MuSE	MuSE
08a1a0f1-054a-4a75-9c20-d048c14f3de1	VAFSNVF	0.529771398192453	0.833687632888617	MuSE	MuSE
08f00e74-bd40-4017-9322-40afe6dc88ba	MicroSEC	0.60056390977444	0.155321810886758	VarScan2	VarScan2
08f00e74-bd40-4017-9322-40afe6dc88ba	MOBSNVF	0.759069767441861	0.245672733330187	VarScan2	VarScan2
08f00e74-bd40-4017-9322-40afe6dc88ba	SOBDetector	0.645516505372427	0.106438636745196	VarScan2	VarScan2
08f00e74-bd40-4017-9322-40afe6dc88ba	VAFSNVF	0.725620155038761	0.248122819031616	VarScan2	VarScan2
095f0fb1-a4a1-4c9e-a998-60671dda5de5	MicroSEC	0.696264543784445	0.837639436059088	MuSE	MuSE
095f0fb1-a4a1-4c9e-a998-60671dda5de5	MOBSNVF	0.767911818738508	0.882880290090004	MuSE	MuSE
095f0fb1-a4a1-4c9e-a998-60671dda5de5	SOBDetector	0.814188409143385	0.819081545913366	MuSE	MuSE
095f0fb1-a4a1-4c9e-a998-60671dda5de5	VAFSNVF	0.775872627066743	0.883526618693076	MuSE	MuSE
0d954a8b-7fc3-405d-8f22-8c92c60dde78	MicroSEC	0.565094678578364	0.0790103383819458	SomaticSniper	SomaticSniper
0d954a8b-7fc3-405d-8f22-8c92c60dde78	MOBSNVF	0.714137465774867	0.199668052924354	SomaticSniper	SomaticSniper
0d954a8b-7fc3-405d-8f22-8c92c60dde78	SOBDetector	0.719062386740898	0.127749599273694	SomaticSniper	SomaticSniper
0d954a8b-7fc3-405d-8f22-8c92c60dde78	VAFSNVF	0.358849096134866	0.0522081614249957	SomaticSniper	SomaticSniper
0eaea4dd-2f80-4a15-b66f-f593e2d8bb98	MicroSEC	0.816523757638921	0.431900444129764	MuTect2	MuTect2
0eaea4dd-2f80-4a15-b66f-f593e2d8bb98	MOBSNVF	0.814995973281538	0.473542442434078	MuTect2	MuTect2
0eaea4dd-2f80-4a15-b66f-f593e2d8bb98	SOBDetector	0.960536651374663	0.771902603346615	MuTect2	MuTect2
0eaea4dd-2f80-4a15-b66f-f593e2d8bb98	VAFSNVF	0.850549528637074	0.525902619755281	MuTect2	MuTect2
107f8ba1-4638-40a8-8810-af17d13fc2be	MicroSEC	0.666666666666666	0.921568627450969	MuSE	MuSE
107f8ba1-4638-40a8-8810-af17d13fc2be	MOBSNVF	0.627659574468082	0.916098137006711	MuSE	MuSE
107f8ba1-4638-40a8-8810-af17d13fc2be	SOBDetector	0.468868520859671	0.927777908040024	MuSE	MuSE
107f8ba1-4638-40a8-8810-af17d13fc2be	VAFSNVF	0.709219858156028	0.949832349359299	MuSE	MuSE
10e381d9-5649-4337-99ac-1f7e25b433ff	MicroSEC	0.543436293436293	0.267652813795424	VarScan2	VarScan2
10e381d9-5649-4337-99ac-1f7e25b433ff	MOBSNVF	0.865220615498701	0.562173616407908	VarScan2	VarScan2
10e381d9-5649-4337-99ac-1f7e25b433ff	SOBDetector	0.581708478882185	0.311065198955485	VarScan2	VarScan2
10e381d9-5649-4337-99ac-1f7e25b433ff	VAFSNVF	0.661661104931404	0.338722016131546	VarScan2	VarScan2
13b63862-9ba1-4a97-89fd-3243a43a3b97	MicroSEC	0.559659090909091	0.623947535253605	MuSE	MuSE
13b63862-9ba1-4a97-89fd-3243a43a3b97	MOBSNVF	0.658041958041955	0.692891919452511	MuSE	MuSE
13b63862-9ba1-4a97-89fd-3243a43a3b97	SOBDetector	0.582343807088053	0.606809080030522	MuSE	MuSE
13b63862-9ba1-4a97-89fd-3243a43a3b97	VAFSNVF	0.80891608391608	0.847283717960835	MuSE	MuSE
184b283e-621f-4adb-8b9a-bec00716b5ec	MicroSEC	0.647117427680773	0.0414378672629749	SomaticSniper	SomaticSniper
184b283e-621f-4adb-8b9a-bec00716b5ec	MOBSNVF	0.823987139260588	0.191165743355333	SomaticSniper	SomaticSniper
184b283e-621f-4adb-8b9a-bec00716b5ec	SOBDetector	0.792466264599646	0.0832629492922232	SomaticSniper	SomaticSniper
184b283e-621f-4adb-8b9a-bec00716b5ec	VAFSNVF	0.290922836855084	0.020302019208309	SomaticSniper	SomaticSniper
18521cc7-e72c-41be-8f07-daedc2c5572d	MicroSEC	0.603838087248322	0.546794142326948	VarScan2	VarScan2
18521cc7-e72c-41be-8f07-daedc2c5572d	MOBSNVF	0.80493265993266	0.737963973043564	VarScan2	VarScan2
18521cc7-e72c-41be-8f07-daedc2c5572d	SOBDetector	0.704367631296889	0.583102324611336	VarScan2	VarScan2
18521cc7-e72c-41be-8f07-daedc2c5572d	VAFSNVF	0.6926936026936	0.663957738246657	VarScan2	VarScan2
1951a1ab-acf1-4656-abef-febd0a9ec30c	MicroSEC	0.579343181394288	0.0929416179065127	SomaticSniper	SomaticSniper
1951a1ab-acf1-4656-abef-febd0a9ec30c	MOBSNVF	0.692207223209	0.187741595783434	SomaticSniper	SomaticSniper
1951a1ab-acf1-4656-abef-febd0a9ec30c	SOBDetector	0.689746752147902	0.12030383819637	SomaticSniper	SomaticSniper
1951a1ab-acf1-4656-abef-febd0a9ec30c	VAFSNVF	0.375232682060384	0.0581594116699867	SomaticSniper	SomaticSniper
19af3825-ef0f-432b-b7d9-fcd1ad306b81	MicroSEC	0.524130695443644	0.217970262058512	VarScan2	VarScan2
19af3825-ef0f-432b-b7d9-fcd1ad306b81	MOBSNVF	0.72356164383562	0.356095193915745	VarScan2	VarScan2
19af3825-ef0f-432b-b7d9-fcd1ad306b81	SOBDetector	0.726548885115508	0.24879570435571	VarScan2	VarScan2
19af3825-ef0f-432b-b7d9-fcd1ad306b81	VAFSNVF	0.62004566210046	0.26978190161931	VarScan2	VarScan2
1a9ca0a1-86f0-4890-a145-9928376e3fc6	MicroSEC	0.486842105263157	0.552325874319002	MuTect2	MuTect2
1a9ca0a1-86f0-4890-a145-9928376e3fc6	MOBSNVF	0.820175438596493	0.894552055618274	MuTect2	MuTect2
1a9ca0a1-86f0-4890-a145-9928376e3fc6	SOBDetector	0.749219725343321	0.844642424285565	MuTect2	MuTect2
1a9ca0a1-86f0-4890-a145-9928376e3fc6	VAFSNVF	0.843859649122817	0.817493589666878	MuTect2	MuTect2
1b3b0057-c99c-4cdf-9fe0-501d5d297321	MicroSEC	0.466410594323554	0.077008418654558	VarScan2	VarScan2
1b3b0057-c99c-4cdf-9fe0-501d5d297321	MOBSNVF	0.7682769726248	0.228928770722735	VarScan2	VarScan2
1b3b0057-c99c-4cdf-9fe0-501d5d297321	SOBDetector	0.72135135135134	0.128550323499528	VarScan2	VarScan2
1b3b0057-c99c-4cdf-9fe0-501d5d297321	VAFSNVF	0.667055823939884	0.150381825500253	VarScan2	VarScan2
1c59963c-03b2-4ea9-939c-6f17b1606686	MicroSEC	0.489620106621675	0.0127431147358204	VarScan2	VarScan2
1c59963c-03b2-4ea9-939c-6f17b1606686	MOBSNVF	0.863036264597751	0.0582320234502911	VarScan2	VarScan2
1c59963c-03b2-4ea9-939c-6f17b1606686	SOBDetector	0.679805892849426	0.0156176424488289	VarScan2	VarScan2
1c59963c-03b2-4ea9-939c-6f17b1606686	VAFSNVF	0.834832531358129	0.048993585096439	VarScan2	VarScan2
1d057b2b-e362-4f9c-84ab-f389ee9581c0	MicroSEC	0.582692307692309	0.600825865310698	MuSE	MuSE
1d057b2b-e362-4f9c-84ab-f389ee9581c0	MOBSNVF	0.605917667238424	0.618639248558571	MuSE	MuSE
1d057b2b-e362-4f9c-84ab-f389ee9581c0	SOBDetector	0.587127272727273	0.58457392936465	MuSE	MuSE
1d057b2b-e362-4f9c-84ab-f389ee9581c0	VAFSNVF	0.834619782732989	0.824932067671651	MuSE	MuSE
1db7cb30-c1de-43d4-831a-2b1ce399b51a	MicroSEC	0.541701862493941	0.118060582796455	SomaticSniper	SomaticSniper
1db7cb30-c1de-43d4-831a-2b1ce399b51a	MOBSNVF	0.756610675895235	0.265226661690157	SomaticSniper	SomaticSniper
1db7cb30-c1de-43d4-831a-2b1ce399b51a	SOBDetector	0.797989099183857	0.326021940368307	SomaticSniper	SomaticSniper
1db7cb30-c1de-43d4-831a-2b1ce399b51a	VAFSNVF	0.468987327682639	0.105687749590597	SomaticSniper	SomaticSniper
211e5178-0c71-44da-b9bb-b138642efc85	MicroSEC	0.532505085730891	0.281713383711467	VarScan2	VarScan2
211e5178-0c71-44da-b9bb-b138642efc85	MOBSNVF	0.875468591691995	0.702038739254326	VarScan2	VarScan2
211e5178-0c71-44da-b9bb-b138642efc85	SOBDetector	0.636384383211796	0.33472857920523	VarScan2	VarScan2
211e5178-0c71-44da-b9bb-b138642efc85	VAFSNVF	0.737006079027356	0.502754703419738	VarScan2	VarScan2
224f5052-e7fd-48f7-bc26-57254af8696d	MicroSEC	0.485314221382331	0.255997879851839	VarScan2	VarScan2
224f5052-e7fd-48f7-bc26-57254af8696d	MOBSNVF	0.790098954022115	0.512811557339929	VarScan2	VarScan2
224f5052-e7fd-48f7-bc26-57254af8696d	SOBDetector	0.608570565800468	0.247962558176814	VarScan2	VarScan2
224f5052-e7fd-48f7-bc26-57254af8696d	VAFSNVF	0.818355406727368	0.614939195292907	VarScan2	VarScan2
22e2f262-51b8-4617-b719-6720e86f5edf	MicroSEC	0.61861883153715	0.484940292183283	VarScan2	VarScan2
22e2f262-51b8-4617-b719-6720e86f5edf	MOBSNVF	0.871590674644118	0.76753175033784	VarScan2	VarScan2
22e2f262-51b8-4617-b719-6720e86f5edf	SOBDetector	0.695715889249189	0.687970044835539	VarScan2	VarScan2
22e2f262-51b8-4617-b719-6720e86f5edf	VAFSNVF	0.751722715081495	0.59510630536984	VarScan2	VarScan2
23f3c15d-21c2-43b6-8793-e1432c6f51f6	MicroSEC	0.637445666213644	0.113564123381653	SomaticSniper	SomaticSniper
23f3c15d-21c2-43b6-8793-e1432c6f51f6	MOBSNVF	0.847387993559542	0.361216504953494	SomaticSniper	SomaticSniper
23f3c15d-21c2-43b6-8793-e1432c6f51f6	SOBDetector	0.772772303792406	0.231092815254497	SomaticSniper	SomaticSniper
23f3c15d-21c2-43b6-8793-e1432c6f51f6	VAFSNVF	0.33447844808485	0.0632031700614996	SomaticSniper	SomaticSniper
2422a154-f7f4-4509-9e1a-b814086fcc0e	MicroSEC	0.523824386183938	0.195185125074936	VarScan2	VarScan2
2422a154-f7f4-4509-9e1a-b814086fcc0e	MOBSNVF	0.791823683910017	0.372458139611903	VarScan2	VarScan2
2422a154-f7f4-4509-9e1a-b814086fcc0e	SOBDetector	0.67652371603523	0.150715761768875	VarScan2	VarScan2
2422a154-f7f4-4509-9e1a-b814086fcc0e	VAFSNVF	0.736011191047163	0.352568594142809	VarScan2	VarScan2
24810eda-8a47-4001-8283-b4b0d72f003f	MicroSEC	0.558791689013368	0.255768892812371	VarScan2	VarScan2
24810eda-8a47-4001-8283-b4b0d72f003f	MOBSNVF	0.901938437560883	0.778128580888246	VarScan2	VarScan2
24810eda-8a47-4001-8283-b4b0d72f003f	SOBDetector	0.589267528138929	0.217392658835951	VarScan2	VarScan2
24810eda-8a47-4001-8283-b4b0d72f003f	VAFSNVF	0.827415741281902	0.741329040650965	VarScan2	VarScan2
24eda4a0-d974-4c6a-b745-b8e12a93576e	MicroSEC	0.53125	0.848484848484865	MuSE	MuSE
24eda4a0-d974-4c6a-b745-b8e12a93576e	MOBSNVF	0.557291666666669	0.856393618863649	MuSE	MuSE
24eda4a0-d974-4c6a-b745-b8e12a93576e	SOBDetector	0.560414048317275	0.899121947575399	MuSE	MuSE
24eda4a0-d974-4c6a-b745-b8e12a93576e	VAFSNVF	0.438988095238096	0.792454536070083	MuSE	MuSE
25e9d6ab-d5f8-4dd9-82ee-0a8dff2eb64e	MicroSEC	0.5	0.794117647058831	MuTect2	MuTect2
25e9d6ab-d5f8-4dd9-82ee-0a8dff2eb64e	MOBSNVF	1.0	1.0	MuTect2	MuTect2
25e9d6ab-d5f8-4dd9-82ee-0a8dff2eb64e	SOBDetector	0.822478991596638	0.938695129635963	MuTect2	MuTect2
25e9d6ab-d5f8-4dd9-82ee-0a8dff2eb64e	VAFSNVF	1.0	1.0	MuTect2	MuTect2
2657b8e5-02e7-4beb-969c-cd91ce6cfc3a	MicroSEC	0.529772727272722	0.0896144589389873	VarScan2	VarScan2
2657b8e5-02e7-4beb-969c-cd91ce6cfc3a	MOBSNVF	0.854202489150904	0.34894752965192	VarScan2	VarScan2
2657b8e5-02e7-4beb-969c-cd91ce6cfc3a	SOBDetector	0.799351943599727	0.148545304447966	VarScan2	VarScan2
2657b8e5-02e7-4beb-969c-cd91ce6cfc3a	VAFSNVF	0.735630066322771	0.311880404912525	VarScan2	VarScan2
29e68a40-cf28-4e5e-b646-b9119d6f2f75	MicroSEC	0.580808080808081	0.330740457481685	MuSE	MuSE
29e68a40-cf28-4e5e-b646-b9119d6f2f75	MOBSNVF	0.484848484848484	0.284926463682874	MuSE	MuSE
29e68a40-cf28-4e5e-b646-b9119d6f2f75	SOBDetector	0.517543859649121	0.297283458162542	MuSE	MuSE
29e68a40-cf28-4e5e-b646-b9119d6f2f75	VAFSNVF	0.310606060606061	0.21667894975272	MuSE	MuSE
2ab05260-68d5-4454-8021-56ac2b653dec	MicroSEC	0.575837754948441	0.118656242967008	SomaticSniper	SomaticSniper
2ab05260-68d5-4454-8021-56ac2b653dec	MOBSNVF	0.694074535180716	0.190402976557032	SomaticSniper	SomaticSniper
2ab05260-68d5-4454-8021-56ac2b653dec	SOBDetector	0.716054169645181	0.166823293491201	SomaticSniper	SomaticSniper
2ab05260-68d5-4454-8021-56ac2b653dec	VAFSNVF	0.460415802015055	0.09249865101268	SomaticSniper	SomaticSniper
2b120aa2-0cf6-4a1c-970c-0ec747eb7781	MicroSEC	0.666666666666666	0.973684210526326	MuSE	MuSE
2b120aa2-0cf6-4a1c-970c-0ec747eb7781	MOBSNVF	1.0	1.0	MuSE	MuSE
2b120aa2-0cf6-4a1c-970c-0ec747eb7781	SOBDetector	0.89421768707483	0.998527079807301	MuSE	MuSE
2b120aa2-0cf6-4a1c-970c-0ec747eb7781	VAFSNVF	0.351351351351347	0.955060142414999	MuSE	MuSE
2c3f9bee-2ada-4bfc-8d21-2d43d3936c17	MicroSEC	0.508432539682538	0.0606957705305039	MuTect2	MuTect2
2c3f9bee-2ada-4bfc-8d21-2d43d3936c17	MOBSNVF	0.947916666666667	0.514689657233618	MuTect2	MuTect2
2c3f9bee-2ada-4bfc-8d21-2d43d3936c17	SOBDetector	0.461590462143556	0.0329758225675307	MuTect2	MuTect2
2c3f9bee-2ada-4bfc-8d21-2d43d3936c17	VAFSNVF	0.865413346613546	0.173672485469884	MuTect2	MuTect2
2dbff952-c93f-4207-ac7e-1a651a7cfdf5	MicroSEC	0.566859861232295	0.21803310796728	SomaticSniper	SomaticSniper
2dbff952-c93f-4207-ac7e-1a651a7cfdf5	MOBSNVF	0.855262363535744	0.567854811723366	SomaticSniper	SomaticSniper
2dbff952-c93f-4207-ac7e-1a651a7cfdf5	SOBDetector	0.779549394746387	0.4538238649976	SomaticSniper	SomaticSniper
2dbff952-c93f-4207-ac7e-1a651a7cfdf5	VAFSNVF	0.483677114252655	0.19124814734005	SomaticSniper	SomaticSniper
2fa86a3a-1171-4131-a321-85033e79ec03	MicroSEC	0.624242424242425	0.630447871977142	VarScan2	VarScan2
2fa86a3a-1171-4131-a321-85033e79ec03	MOBSNVF	0.787544563279854	0.704610159487132	VarScan2	VarScan2
2fa86a3a-1171-4131-a321-85033e79ec03	SOBDetector	0.60740662139219	0.554923086243375	VarScan2	VarScan2
2fa86a3a-1171-4131-a321-85033e79ec03	VAFSNVF	0.732620320855613	0.709212742130314	VarScan2	VarScan2
2fc066ca-ced1-4791-abe5-25d131dff843	MicroSEC	0.784690101757632	0.744196636801856	MuSE	MuSE
2fc066ca-ced1-4791-abe5-25d131dff843	MOBSNVF	0.736186594202893	0.684558486607707	MuSE	MuSE
2fc066ca-ced1-4791-abe5-25d131dff843	SOBDetector	0.923193586826996	0.912489272928749	MuSE	MuSE
2fc066ca-ced1-4791-abe5-25d131dff843	VAFSNVF	0.782382246376812	0.78360804410589	MuSE	MuSE
3100bbd4-b418-407e-ae6c-07f123931526	MicroSEC	0.606383750453402	0.0141560368500804	VarScan2	VarScan2
3100bbd4-b418-407e-ae6c-07f123931526	MOBSNVF	0.894287228404878	0.0704061768165067	VarScan2	VarScan2
3100bbd4-b418-407e-ae6c-07f123931526	SOBDetector	0.68035080114249	0.00908405476061805	VarScan2	VarScan2
3100bbd4-b418-407e-ae6c-07f123931526	VAFSNVF	0.809867514573402	0.0779533796972077	VarScan2	VarScan2
310a7095-a693-4374-913d-9ecd64943761	MicroSEC	0.59375	0.535714285714295	MuSE	MuSE
310a7095-a693-4374-913d-9ecd64943761	MOBSNVF	0.502846299810246	0.478208417560889	MuSE	MuSE
310a7095-a693-4374-913d-9ecd64943761	SOBDetector	0.543037974683543	0.539806647478039	MuSE	MuSE
310a7095-a693-4374-913d-9ecd64943761	VAFSNVF	0.774667931688807	0.723864985790717	MuSE	MuSE
316d70cd-20a9-4d0b-be96-d14d9ad1dd17	MicroSEC	0.539514348785873	0.245055689822165	MuTect2	MuTect2
316d70cd-20a9-4d0b-be96-d14d9ad1dd17	MOBSNVF	0.828182487122888	0.501353435029345	MuTect2	MuTect2
316d70cd-20a9-4d0b-be96-d14d9ad1dd17	SOBDetector	0.811963048498845	0.356550351842609	MuTect2	MuTect2
316d70cd-20a9-4d0b-be96-d14d9ad1dd17	VAFSNVF	0.666225165562916	0.287026145846081	MuTect2	MuTect2
31fd0a13-c4c5-47cb-99cb-62b46c23f6c6	MicroSEC	0.547061047061047	0.81023238479782	MuTect2	MuTect2
31fd0a13-c4c5-47cb-99cb-62b46c23f6c6	MOBSNVF	0.842940842940843	0.943403707112476	MuTect2	MuTect2
31fd0a13-c4c5-47cb-99cb-62b46c23f6c6	SOBDetector	0.743975155279502	0.888221162320374	MuTect2	MuTect2
31fd0a13-c4c5-47cb-99cb-62b46c23f6c6	VAFSNVF	0.537138537138538	0.76552845169808	MuTect2	MuTect2
325431c6-70f2-4fb0-a969-46b10813efd0	MicroSEC	0.582183908045977	0.538236344145902	MuSE	MuSE
325431c6-70f2-4fb0-a969-46b10813efd0	MOBSNVF	0.637336504161716	0.581587240875675	MuSE	MuSE
325431c6-70f2-4fb0-a969-46b10813efd0	SOBDetector	0.548076923076924	0.491464574370537	MuSE	MuSE
325431c6-70f2-4fb0-a969-46b10813efd0	VAFSNVF	0.816884661117716	0.741182332291172	MuSE	MuSE
35747597-f511-4954-b44f-98367268ad44	MicroSEC	0.514546732255798	0.186201940971638	SomaticSniper	SomaticSniper
35747597-f511-4954-b44f-98367268ad44	MOBSNVF	0.847147714335213	0.544824570067803	SomaticSniper	SomaticSniper
35747597-f511-4954-b44f-98367268ad44	SOBDetector	0.772918322195602	0.44602177399945	SomaticSniper	SomaticSniper
35747597-f511-4954-b44f-98367268ad44	VAFSNVF	0.358572944510444	0.160992557742245	SomaticSniper	SomaticSniper
35d40095-b326-47d1-9c4e-ee665dc0ceda	MicroSEC	0.5	0.5	MuTect2	MuTect2
35d40095-b326-47d1-9c4e-ee665dc0ceda	MOBSNVF	0.963010204081633	0.943398806619439	MuTect2	MuTect2
35d40095-b326-47d1-9c4e-ee665dc0ceda	SOBDetector	0.479471166622376	0.529313185399096	MuTect2	MuTect2
35d40095-b326-47d1-9c4e-ee665dc0ceda	VAFSNVF	0.878188775510204	0.752321463595519	MuTect2	MuTect2
39329506-f3bf-4af7-9372-01a2f0ea9499	MicroSEC	0.777321428571428	0.464715233351875	MuTect2	MuTect2
39329506-f3bf-4af7-9372-01a2f0ea9499	MOBSNVF	0.785892857142859	0.529414700948599	MuTect2	MuTect2
39329506-f3bf-4af7-9372-01a2f0ea9499	SOBDetector	0.915885787175586	0.591813878371819	MuTect2	MuTect2
39329506-f3bf-4af7-9372-01a2f0ea9499	VAFSNVF	0.847321428571429	0.556820799754643	MuTect2	MuTect2
3bf960a0-2429-4cb9-a5b0-004879082635	MicroSEC	0.518464052287583	0.888210035835244	MuTect2	MuTect2
3bf960a0-2429-4cb9-a5b0-004879082635	MOBSNVF	0.967973856209151	0.995835142729546	MuTect2	MuTect2
3bf960a0-2429-4cb9-a5b0-004879082635	SOBDetector	0.7865990990991	0.953155093560047	MuTect2	MuTect2
3bf960a0-2429-4cb9-a5b0-004879082635	VAFSNVF	0.580718954248365	0.899784628954924	MuTect2	MuTect2
3cd447b8-6c25-41ff-bd32-3c3dba6a70de	MicroSEC	0.726720886374352	0.433604386755182	MuTect2	MuTect2
3cd447b8-6c25-41ff-bd32-3c3dba6a70de	MOBSNVF	0.881895332390388	0.729930017281086	MuTect2	MuTect2
3cd447b8-6c25-41ff-bd32-3c3dba6a70de	SOBDetector	0.941166962493978	0.808958242687402	MuTect2	MuTect2
3cd447b8-6c25-41ff-bd32-3c3dba6a70de	VAFSNVF	0.76417373880245	0.501544704093167	MuTect2	MuTect2
3f6148ae-dc9b-47ea-ade9-9efb7f351de2	MicroSEC	0.603891605352927	0.0874125100408053	SomaticSniper	SomaticSniper
3f6148ae-dc9b-47ea-ade9-9efb7f351de2	MOBSNVF	0.842382223183907	0.352597495895167	SomaticSniper	SomaticSniper
3f6148ae-dc9b-47ea-ade9-9efb7f351de2	SOBDetector	0.783427008819123	0.24668494318164	SomaticSniper	SomaticSniper
3f6148ae-dc9b-47ea-ade9-9efb7f351de2	VAFSNVF	0.382717552021348	0.0665022591223587	SomaticSniper	SomaticSniper
404def10-0bf2-4aed-bd63-3e16243330b5	MicroSEC	0.568627450980392	0.975688956070783	MuSE	MuSE
404def10-0bf2-4aed-bd63-3e16243330b5	MOBSNVF	0.970588235294125	0.999113531778496	MuSE	MuSE
404def10-0bf2-4aed-bd63-3e16243330b5	SOBDetector	0.676424870466322	0.960997656900333	MuSE	MuSE
404def10-0bf2-4aed-bd63-3e16243330b5	VAFSNVF	0.916666666666663	0.997476275432162	MuSE	MuSE
417e0afd-9cea-4fbf-9067-24ad19d7e20b	MicroSEC	0.764790764790765	0.960904102471322	MuSE	MuSE
417e0afd-9cea-4fbf-9067-24ad19d7e20b	MOBSNVF	0.445887445887446	0.909390106256888	MuSE	MuSE
417e0afd-9cea-4fbf-9067-24ad19d7e20b	SOBDetector	0.47209595959596	0.87844100805124	MuSE	MuSE
417e0afd-9cea-4fbf-9067-24ad19d7e20b	VAFSNVF	0.48268398268398	0.879130846576562	MuSE	MuSE
430e1f07-2926-4cbd-b56f-7c5500d9cfc1	MicroSEC	0.582151300236404	0.0335129467010041	VarScan2	VarScan2
430e1f07-2926-4cbd-b56f-7c5500d9cfc1	MOBSNVF	0.861393323657473	0.124660847198745	VarScan2	VarScan2
430e1f07-2926-4cbd-b56f-7c5500d9cfc1	SOBDetector	0.713850968797181	0.0486564437027936	VarScan2	VarScan2
430e1f07-2926-4cbd-b56f-7c5500d9cfc1	VAFSNVF	0.821629813028259	0.14772196290566	VarScan2	VarScan2
43b12853-f7db-4bbb-b6eb-e81e357c3971	MicroSEC	0.683333333333334	0.883943088181021	MuSE	MuSE
43b12853-f7db-4bbb-b6eb-e81e357c3971	MOBSNVF	0.67619047619048	0.881063371860639	MuSE	MuSE
43b12853-f7db-4bbb-b6eb-e81e357c3971	SOBDetector	0.790354330708661	0.864594475457477	MuSE	MuSE
43b12853-f7db-4bbb-b6eb-e81e357c3971	VAFSNVF	0.712380952380955	0.88881881854698	MuSE	MuSE
447f5465-d01e-48d3-a68a-9f65133cc53f	MicroSEC	0.5	0.935779816513745	MuSE	MuSE
447f5465-d01e-48d3-a68a-9f65133cc53f	MOBSNVF	0.635854341736692	0.952158345797592	MuSE	MuSE
447f5465-d01e-48d3-a68a-9f65133cc53f	SOBDetector	0.541728395061728	0.942242361664139	MuSE	MuSE
447f5465-d01e-48d3-a68a-9f65133cc53f	VAFSNVF	0.343837535014007	0.891271652147519	MuSE	MuSE
45962a0e-883e-42b6-b266-f431963cdec0	MicroSEC	0.691570881226053	0.848218538390194	MuSE	MuSE
45962a0e-883e-42b6-b266-f431963cdec0	MOBSNVF	0.795019157088123	0.891932307203889	MuSE	MuSE
45962a0e-883e-42b6-b266-f431963cdec0	SOBDetector	0.584316037735848	0.869745496001586	MuSE	MuSE
45962a0e-883e-42b6-b266-f431963cdec0	VAFSNVF	0.534482758620689	0.788425315538206	MuSE	MuSE
478b1b98-8826-47e2-bf43-bb93e222ea6a	MicroSEC	0.553571428571429	0.73958333333334	MuTect2	MuTect2
478b1b98-8826-47e2-bf43-bb93e222ea6a	MOBSNVF	0.842052313883296	0.91742084375627	MuTect2	MuTect2
478b1b98-8826-47e2-bf43-bb93e222ea6a	SOBDetector	0.734821198868022	0.916300589092343	MuTect2	MuTect2
478b1b98-8826-47e2-bf43-bb93e222ea6a	VAFSNVF	0.705985915492953	0.859956370264232	MuTect2	MuTect2
48d44e42-e442-44e4-a826-03eafb0d42e8	MicroSEC	0.685932587555751	0.457161269362724	VarScan2	VarScan2
48d44e42-e442-44e4-a826-03eafb0d42e8	MOBSNVF	0.776867298180904	0.575864676095519	VarScan2	VarScan2
48d44e42-e442-44e4-a826-03eafb0d42e8	SOBDetector	0.850921859961489	0.498577862012509	VarScan2	VarScan2
48d44e42-e442-44e4-a826-03eafb0d42e8	VAFSNVF	0.787985162209747	0.624762986222213	VarScan2	VarScan2
49ce0762-2ab2-49de-b611-ded7efe00a21	MicroSEC	0.473084886128364	0.674573819908322	MuTect2	MuTect2
49ce0762-2ab2-49de-b611-ded7efe00a21	MOBSNVF	0.883827927306187	0.916042711459093	MuTect2	MuTect2
49ce0762-2ab2-49de-b611-ded7efe00a21	SOBDetector	0.768237250554324	0.844057821965442	MuTect2	MuTect2
49ce0762-2ab2-49de-b611-ded7efe00a21	VAFSNVF	0.790200138026225	0.798231984661478	MuTect2	MuTect2
4a09b0e1-b52e-4151-9f65-4f6d7da44745	MicroSEC	0.578217236777435	0.0996302688788192	SomaticSniper	SomaticSniper
4a09b0e1-b52e-4151-9f65-4f6d7da44745	MOBSNVF	0.716843687899804	0.192342237192257	SomaticSniper	SomaticSniper
4a09b0e1-b52e-4151-9f65-4f6d7da44745	SOBDetector	0.707547158286004	0.126214785766925	SomaticSniper	SomaticSniper
4a09b0e1-b52e-4151-9f65-4f6d7da44745	VAFSNVF	0.432125155019544	0.0727885109482212	SomaticSniper	SomaticSniper
4ffb882d-cbde-429e-9804-3b53dd864951	MicroSEC	0.616556336899009	0.401292911478276	VarScan2	VarScan2
4ffb882d-cbde-429e-9804-3b53dd864951	MOBSNVF	0.85254185381788	0.654464501260049	VarScan2	VarScan2
4ffb882d-cbde-429e-9804-3b53dd864951	SOBDetector	0.655617367706926	0.514138700473604	VarScan2	VarScan2
4ffb882d-cbde-429e-9804-3b53dd864951	VAFSNVF	0.609810126582279	0.418525588013232	VarScan2	VarScan2
517dbbc7-cb6c-4311-9bb3-0c2df1c7f5bd	MicroSEC	0.822691197691196	0.372211693673688	MuTect2	MuTect2
517dbbc7-cb6c-4311-9bb3-0c2df1c7f5bd	MOBSNVF	0.672018890200708	0.240857661699814	MuTect2	MuTect2
517dbbc7-cb6c-4311-9bb3-0c2df1c7f5bd	SOBDetector	0.942268735781736	0.721215541072067	MuTect2	MuTect2
517dbbc7-cb6c-4311-9bb3-0c2df1c7f5bd	VAFSNVF	0.776652892561983	0.407305621731299	MuTect2	MuTect2
52c3ea1f-80df-4644-9761-8e963e353e31	MicroSEC	0.45886145104895	0.672825687533076	MuTect2	MuTect2
52c3ea1f-80df-4644-9761-8e963e353e31	MOBSNVF	0.878933566433562	0.91567947718529	MuTect2	MuTect2
52c3ea1f-80df-4644-9761-8e963e353e31	SOBDetector	0.764469987228608	0.826099348173641	MuTect2	MuTect2
52c3ea1f-80df-4644-9761-8e963e353e31	VAFSNVF	0.766717657342654	0.778741087853136	MuTect2	MuTect2
547ef557-9804-413d-a357-6a1facbe1787	MicroSEC	0.55469022176335	0.0521192150348635	SomaticSniper	SomaticSniper
547ef557-9804-413d-a357-6a1facbe1787	MOBSNVF	0.887743689686432	0.497504349412098	SomaticSniper	SomaticSniper
547ef557-9804-413d-a357-6a1facbe1787	SOBDetector	0.817455499560905	0.185195134248335	SomaticSniper	SomaticSniper
547ef557-9804-413d-a357-6a1facbe1787	VAFSNVF	0.268521163308082	0.0291164886286649	SomaticSniper	SomaticSniper
58a0b3bd-11d8-49ee-8ff2-088f8acbe370	MicroSEC	0.591073905914989	0.0373442134833815	SomaticSniper	SomaticSniper
58a0b3bd-11d8-49ee-8ff2-088f8acbe370	MOBSNVF	0.795282104434791	0.163955428675349	SomaticSniper	SomaticSniper
58a0b3bd-11d8-49ee-8ff2-088f8acbe370	SOBDetector	0.778328789374329	0.0948660349085938	SomaticSniper	SomaticSniper
58a0b3bd-11d8-49ee-8ff2-088f8acbe370	VAFSNVF	0.338165781581787	0.0254399728652492	SomaticSniper	SomaticSniper
592510e2-bc20-4cb5-890d-e425f5d48d79	SOBDetector	0.58219178082192	0.955165546819219	MuSE	MuSE
5b8f676b-d7cf-47f3-8a05-d9b78d0e647e	MicroSEC	0.601880877742946	0.625746726932729	VarScan2	VarScan2
5b8f676b-d7cf-47f3-8a05-d9b78d0e647e	MOBSNVF	0.738551888195065	0.680552031644261	VarScan2	VarScan2
5b8f676b-d7cf-47f3-8a05-d9b78d0e647e	SOBDetector	0.60278772241857	0.672378356755323	VarScan2	VarScan2
5b8f676b-d7cf-47f3-8a05-d9b78d0e647e	VAFSNVF	0.742975022301519	0.743712608849833	VarScan2	VarScan2
5c4813c4-2def-42f2-a63c-8ebee0679f65	MicroSEC	0.5	0.928571428571415	MuSE	MuSE
5c4813c4-2def-42f2-a63c-8ebee0679f65	MOBSNVF	0.681490384615386	0.953683556264903	MuSE	MuSE
5c4813c4-2def-42f2-a63c-8ebee0679f65	SOBDetector	0.513930348258705	0.940364120483425	MuSE	MuSE
5c4813c4-2def-42f2-a63c-8ebee0679f65	VAFSNVF	0.315504807692307	0.881794874855412	MuSE	MuSE
5c8d6416-216e-494c-9646-d77cb200fa3b	MicroSEC	0.929824561403509	0.272727272727277	MuSE	MuSE
5c8d6416-216e-494c-9646-d77cb200fa3b	MOBSNVF	0.75	0.0967741935483889	MuSE	MuSE
5c8d6416-216e-494c-9646-d77cb200fa3b	SOBDetector	0.871868978805395	0.267839572435176	MuSE	MuSE
5c8d6416-216e-494c-9646-d77cb200fa3b	VAFSNVF	0.785714285714285	0.434566777987384	MuSE	MuSE
5e721480-ba9f-4eff-ac8a-a76968266155	MicroSEC	0.506460674157306	0.0222667586399022	MuTect2	MuTect2
5e721480-ba9f-4eff-ac8a-a76968266155	MOBSNVF	0.988362760834671	0.543970936027046	MuTect2	MuTect2
5e721480-ba9f-4eff-ac8a-a76968266155	SOBDetector	0.461788323683507	0.0112457498201089	MuTect2	MuTect2
5e721480-ba9f-4eff-ac8a-a76968266155	VAFSNVF	0.990052552552553	0.712595969155492	MuTect2	MuTect2
5f3ab482-e452-4662-9448-35ff691ec0ef	MicroSEC	0.49247491638796	0.465406975152821	MuTect2	MuTect2
5f3ab482-e452-4662-9448-35ff691ec0ef	MOBSNVF	0.939799331103679	0.890171941827268	MuTect2	MuTect2
5f3ab482-e452-4662-9448-35ff691ec0ef	SOBDetector	0.606473214285715	0.576723812379161	MuTect2	MuTect2
5f3ab482-e452-4662-9448-35ff691ec0ef	VAFSNVF	0.802675585284281	0.634009985881379	MuTect2	MuTect2
5f6bc8bc-3fe1-49f2-bdfb-b0efdffddb95	MicroSEC	0.669642857142856	0.963095443273256	MuSE	MuSE
5f6bc8bc-3fe1-49f2-bdfb-b0efdffddb95	MOBSNVF	0.897959183673472	0.988313005220128	MuSE	MuSE
5f6bc8bc-3fe1-49f2-bdfb-b0efdffddb95	SOBDetector	0.631934566145093	0.936039849342332	MuSE	MuSE
5f6bc8bc-3fe1-49f2-bdfb-b0efdffddb95	VAFSNVF	0.750637755102044	0.97613798331332	MuSE	MuSE
614ef862-2ec8-40a7-b1ab-1ee021288321	MicroSEC	0.612348522659269	0.143401894726774	SomaticSniper	SomaticSniper
614ef862-2ec8-40a7-b1ab-1ee021288321	MOBSNVF	0.683045441265282	0.232707962360908	SomaticSniper	SomaticSniper
614ef862-2ec8-40a7-b1ab-1ee021288321	SOBDetector	0.695540998327885	0.159806433469265	SomaticSniper	SomaticSniper
614ef862-2ec8-40a7-b1ab-1ee021288321	VAFSNVF	0.413537154472742	0.0876827287862655	SomaticSniper	SomaticSniper
62a5c259-38f8-4f6e-9b69-92851b7275e1	MicroSEC	0.499166666666666	0.793109468855741	MuSE	MuSE
62a5c259-38f8-4f6e-9b69-92851b7275e1	MOBSNVF	0.61666666666667	0.838360192409232	MuSE	MuSE
62a5c259-38f8-4f6e-9b69-92851b7275e1	SOBDetector	0.592830882352941	0.876294886459418	MuSE	MuSE
62a5c259-38f8-4f6e-9b69-92851b7275e1	VAFSNVF	0.698333333333329	0.891396691838623	MuSE	MuSE
65f5cabd-4c7a-466d-8701-dea4a44d881d	MicroSEC	0.502819548872182	0.577186003315132	MuTect2	MuTect2
65f5cabd-4c7a-466d-8701-dea4a44d881d	MOBSNVF	0.813891465677177	0.805325540182145	MuTect2	MuTect2
65f5cabd-4c7a-466d-8701-dea4a44d881d	SOBDetector	0.679673063255153	0.666673370670017	MuTect2	MuTect2
65f5cabd-4c7a-466d-8701-dea4a44d881d	VAFSNVF	0.863288497217068	0.813482718128907	MuTect2	MuTect2
6827ffd5-3ba1-4084-9150-536eb74e9cf5	MicroSEC	0.70335429769392	0.870323271641414	VarScan2	VarScan2
6827ffd5-3ba1-4084-9150-536eb74e9cf5	MOBSNVF	0.719696969696973	0.833147594344801	VarScan2	VarScan2
6827ffd5-3ba1-4084-9150-536eb74e9cf5	SOBDetector	0.588002873563219	0.75386046774738	VarScan2	VarScan2
6827ffd5-3ba1-4084-9150-536eb74e9cf5	VAFSNVF	0.514653110047847	0.712305418702408	VarScan2	VarScan2
73452db7-2010-41cd-ae01-5ce5f64fe673	MicroSEC	0.481393554513631	0.0525756442782179	VarScan2	VarScan2
73452db7-2010-41cd-ae01-5ce5f64fe673	MOBSNVF	0.837330590144994	0.207709360463676	VarScan2	VarScan2
73452db7-2010-41cd-ae01-5ce5f64fe673	SOBDetector	0.788248873320279	0.110904214457245	VarScan2	VarScan2
73452db7-2010-41cd-ae01-5ce5f64fe673	VAFSNVF	0.780923779737462	0.251522884956348	VarScan2	VarScan2
735d1fec-eb37-43ef-80d7-aa586bfb50c0	MicroSEC	0.783279220779221	0.733777972969127	MuSE	MuSE
735d1fec-eb37-43ef-80d7-aa586bfb50c0	MOBSNVF	0.76985645933014	0.716473543743568	MuSE	MuSE
735d1fec-eb37-43ef-80d7-aa586bfb50c0	SOBDetector	0.94090301896874	0.89425069682884	MuSE	MuSE
735d1fec-eb37-43ef-80d7-aa586bfb50c0	VAFSNVF	0.79585326953747	0.801652684483155	MuSE	MuSE
796c7243-d4d7-43ea-bb8a-f0c118ad0fcd	MicroSEC	0.516378066378065	0.88099695676342	MuTect2	MuTect2
796c7243-d4d7-43ea-bb8a-f0c118ad0fcd	MOBSNVF	0.828571428571435	0.962615771456194	MuTect2	MuTect2
796c7243-d4d7-43ea-bb8a-f0c118ad0fcd	SOBDetector	0.708358239719674	0.957587516034733	MuTect2	MuTect2
796c7243-d4d7-43ea-bb8a-f0c118ad0fcd	VAFSNVF	0.658982683982686	0.916170434299431	MuTect2	MuTect2
7c92e76b-5d03-47f1-9d2f-05cef4394122	MicroSEC	0.556095658727077	0.217863249689537	SomaticSniper	SomaticSniper
7c92e76b-5d03-47f1-9d2f-05cef4394122	MOBSNVF	0.744312309780895	0.549038423974597	SomaticSniper	SomaticSniper
7c92e76b-5d03-47f1-9d2f-05cef4394122	SOBDetector	0.714510585601443	0.410085256304189	SomaticSniper	SomaticSniper
7c92e76b-5d03-47f1-9d2f-05cef4394122	VAFSNVF	0.39830310654988	0.159857483837735	SomaticSniper	SomaticSniper
7d024880-8859-4521-b57e-f56d6fe9d88a	MicroSEC	0.709160305343513	0.181936845046291	MuTect2	MuTect2
7d024880-8859-4521-b57e-f56d6fe9d88a	MOBSNVF	0.903307888040714	0.418901508390266	MuTect2	MuTect2
7d024880-8859-4521-b57e-f56d6fe9d88a	SOBDetector	0.928404539385853	0.45569350645626	MuTect2	MuTect2
7d024880-8859-4521-b57e-f56d6fe9d88a	VAFSNVF	0.761577608142497	0.254012889571661	MuTect2	MuTect2
7d78c513-dd57-4d60-9556-b154601fd0dd	MicroSEC	0.578408380237649	0.584183330686485	MuTect2	MuTect2
7d78c513-dd57-4d60-9556-b154601fd0dd	MOBSNVF	0.936171044402744	0.947517332365253	MuTect2	MuTect2
7d78c513-dd57-4d60-9556-b154601fd0dd	SOBDetector	0.8342221037195	0.832124613971494	MuTect2	MuTect2
7d78c513-dd57-4d60-9556-b154601fd0dd	VAFSNVF	0.790415884928076	0.77002117520293	MuTect2	MuTect2
7da69668-a971-4065-b5ae-b2b795b265c7	MicroSEC	0.519734983995489	0.211218199809315	SomaticSniper	SomaticSniper
7da69668-a971-4065-b5ae-b2b795b265c7	MOBSNVF	0.844995688276681	0.610825468591523	SomaticSniper	SomaticSniper
7da69668-a971-4065-b5ae-b2b795b265c7	SOBDetector	0.781243327269535	0.567847473727164	SomaticSniper	SomaticSniper
7da69668-a971-4065-b5ae-b2b795b265c7	VAFSNVF	0.473727756076388	0.227475245755539	SomaticSniper	SomaticSniper
7f0fa6a4-1b0a-412f-997d-bd35b76cf8dd	MicroSEC	0.529653070792312	0.558095730718984	VarScan2	VarScan2
7f0fa6a4-1b0a-412f-997d-bd35b76cf8dd	MOBSNVF	0.878998101358259	0.867082861240411	VarScan2	VarScan2
7f0fa6a4-1b0a-412f-997d-bd35b76cf8dd	SOBDetector	0.588829612129898	0.515870501815958	VarScan2	VarScan2
7f0fa6a4-1b0a-412f-997d-bd35b76cf8dd	VAFSNVF	0.794033883452607	0.836454610739517	VarScan2	VarScan2
82524909-80a1-4979-adfd-11fae6d3d995	MicroSEC	0.549847449841763	0.148571351645319	SomaticSniper	SomaticSniper
82524909-80a1-4979-adfd-11fae6d3d995	MOBSNVF	0.794424193577934	0.337533015628285	SomaticSniper	SomaticSniper
82524909-80a1-4979-adfd-11fae6d3d995	SOBDetector	0.816324261646272	0.353041816284837	SomaticSniper	SomaticSniper
82524909-80a1-4979-adfd-11fae6d3d995	VAFSNVF	0.431903294409982	0.115224296198832	SomaticSniper	SomaticSniper
82a734e9-28c3-4cec-8ae4-067651ec9189	MicroSEC	0.635416666666667	0.346329993346748	MuSE	MuSE
82a734e9-28c3-4cec-8ae4-067651ec9189	MOBSNVF	0.543445121951219	0.299701048452498	MuSE	MuSE
82a734e9-28c3-4cec-8ae4-067651ec9189	SOBDetector	0.502711776859505	0.306318872109557	MuSE	MuSE
82a734e9-28c3-4cec-8ae4-067651ec9189	VAFSNVF	0.799542682926827	0.50926556417342	MuSE	MuSE
83d37e10-8440-46d3-a15f-421426a3cbc7	MicroSEC	0.552868391451071	0.0746151299534653	VarScan2	VarScan2
83d37e10-8440-46d3-a15f-421426a3cbc7	MOBSNVF	0.895719302294902	0.411789088703666	VarScan2	VarScan2
83d37e10-8440-46d3-a15f-421426a3cbc7	SOBDetector	0.598705865445242	0.0680068148428102	VarScan2	VarScan2
83d37e10-8440-46d3-a15f-421426a3cbc7	VAFSNVF	0.881526559614872	0.49780816374244	VarScan2	VarScan2
8511d4f8-496f-4120-a754-fcd9771538fe	MicroSEC	0.557217555288875	0.125466701763141	VarScan2	VarScan2
8511d4f8-496f-4120-a754-fcd9771538fe	MOBSNVF	0.819800569800567	0.256684536428461	VarScan2	VarScan2
8511d4f8-496f-4120-a754-fcd9771538fe	SOBDetector	0.730873798684876	0.113965842403277	VarScan2	VarScan2
8511d4f8-496f-4120-a754-fcd9771538fe	VAFSNVF	0.81518968361073	0.374378048575844	VarScan2	VarScan2
85e34838-c6e8-4114-a94e-6378f7764d0e	MicroSEC	0.556774258714736	0.850154476495904	MuSE	MuSE
85e34838-c6e8-4114-a94e-6378f7764d0e	MOBSNVF	0.565070368790823	0.852797440555362	MuSE	MuSE
85e34838-c6e8-4114-a94e-6378f7764d0e	SOBDetector	0.594530991050712	0.832657450598837	MuSE	MuSE
85e34838-c6e8-4114-a94e-6378f7764d0e	VAFSNVF	0.535484051985365	0.812970285132347	MuSE	MuSE
85e68901-c001-4100-9270-cf3bd931fa49	MicroSEC	0.576094391244871	0.603567108531624	VarScan2	VarScan2
85e68901-c001-4100-9270-cf3bd931fa49	MOBSNVF	0.789339103068445	0.75345565126271	VarScan2	VarScan2
85e68901-c001-4100-9270-cf3bd931fa49	SOBDetector	0.550966915191053	0.636533745230699	VarScan2	VarScan2
85e68901-c001-4100-9270-cf3bd931fa49	VAFSNVF	0.521767637031208	0.521342645677386	VarScan2	VarScan2
8633466e-e6eb-48b4-93ac-9e902eee6b79	MicroSEC	0.569131546643912	0.200118938849947	SomaticSniper	SomaticSniper
8633466e-e6eb-48b4-93ac-9e902eee6b79	MOBSNVF	0.866893730834939	0.52834283830677	SomaticSniper	SomaticSniper
8633466e-e6eb-48b4-93ac-9e902eee6b79	SOBDetector	0.865430994362451	0.46571853998645	SomaticSniper	SomaticSniper
8633466e-e6eb-48b4-93ac-9e902eee6b79	VAFSNVF	0.340141304279675	0.125927101263021	SomaticSniper	SomaticSniper
881f5579-ae20-4839-9b3d-bb2ecf2ab42b	MicroSEC	0.591269841269841	0.896514692034971	MuSE	MuSE
881f5579-ae20-4839-9b3d-bb2ecf2ab42b	MOBSNVF	0.71296296296296	0.927271183842171	MuSE	MuSE
881f5579-ae20-4839-9b3d-bb2ecf2ab42b	SOBDetector	0.537814426120272	0.874336902201446	MuSE	MuSE
881f5579-ae20-4839-9b3d-bb2ecf2ab42b	VAFSNVF	0.585097001763664	0.892161903904368	MuSE	MuSE
8ac49fdc-3183-4931-8279-c56787fd8d98	MicroSEC	0.637610619469026	0.400625345584408	VarScan2	VarScan2
8ac49fdc-3183-4931-8279-c56787fd8d98	MOBSNVF	0.754046062869583	0.500517424845265	VarScan2	VarScan2
8ac49fdc-3183-4931-8279-c56787fd8d98	SOBDetector	0.613670272286459	0.339403705130029	VarScan2	VarScan2
8ac49fdc-3183-4931-8279-c56787fd8d98	VAFSNVF	0.70813881107999	0.442386823903351	VarScan2	VarScan2
8b87b299-68be-417e-9566-3d26fcf13d01	MicroSEC	0.550612683586414	0.156281356189021	SomaticSniper	SomaticSniper
8b87b299-68be-417e-9566-3d26fcf13d01	MOBSNVF	0.825263330731027	0.493615185511413	SomaticSniper	SomaticSniper
8b87b299-68be-417e-9566-3d26fcf13d01	SOBDetector	0.808558513248924	0.406981189386941	SomaticSniper	SomaticSniper
8b87b299-68be-417e-9566-3d26fcf13d01	VAFSNVF	0.456799509275439	0.147004551146424	SomaticSniper	SomaticSniper
8bfc8d19-1bc9-43d8-9a47-ca7c1109c51f	MicroSEC	0.513075347345915	0.227749782358473	SomaticSniper	SomaticSniper
8bfc8d19-1bc9-43d8-9a47-ca7c1109c51f	MOBSNVF	0.860194000334045	0.659935289646091	SomaticSniper	SomaticSniper
8bfc8d19-1bc9-43d8-9a47-ca7c1109c51f	SOBDetector	0.785932377049235	0.596080925376232	SomaticSniper	SomaticSniper
8bfc8d19-1bc9-43d8-9a47-ca7c1109c51f	VAFSNVF	0.481792994260833	0.247777889843337	SomaticSniper	SomaticSniper
8c7896cf-9a69-4499-b05b-6866567d31b4	MicroSEC	0.566413662239089	0.680875030219536	MuSE	MuSE
8c7896cf-9a69-4499-b05b-6866567d31b4	MOBSNVF	0.693655303030306	0.764892330339784	MuSE	MuSE
8c7896cf-9a69-4499-b05b-6866567d31b4	SOBDetector	0.707788561803161	0.755346966612285	MuSE	MuSE
8c7896cf-9a69-4499-b05b-6866567d31b4	VAFSNVF	0.70738636363636	0.807045195183826	MuSE	MuSE
8d61189c-ec02-47fb-aed1-b0e40ec59226	MicroSEC	0.549561873614375	0.107396003157747	SomaticSniper	SomaticSniper
8d61189c-ec02-47fb-aed1-b0e40ec59226	MOBSNVF	0.772071019565168	0.316190160010198	SomaticSniper	SomaticSniper
8d61189c-ec02-47fb-aed1-b0e40ec59226	SOBDetector	0.755477430958376	0.239476012130687	SomaticSniper	SomaticSniper
8d61189c-ec02-47fb-aed1-b0e40ec59226	VAFSNVF	0.382028136352074	0.0804603773514134	SomaticSniper	SomaticSniper
8dbb6395-3d9b-43ce-9df2-c30639666856	MicroSEC	0.609860915768086	0.55968018060173	VarScan2	VarScan2
8dbb6395-3d9b-43ce-9df2-c30639666856	MOBSNVF	0.80683908045976	0.70214077774782	VarScan2	VarScan2
8dbb6395-3d9b-43ce-9df2-c30639666856	SOBDetector	0.599906107484574	0.627940712275923	VarScan2	VarScan2
8dbb6395-3d9b-43ce-9df2-c30639666856	VAFSNVF	0.687068965517241	0.659368720405941	VarScan2	VarScan2
8f5d10af-16c4-4ab2-be3c-c1b9a243c686	MicroSEC	0.610048426150122	0.812321666882182	MuTect2	MuTect2
8f5d10af-16c4-4ab2-be3c-c1b9a243c686	MOBSNVF	0.90653753026635	0.965526805058694	MuTect2	MuTect2
8f5d10af-16c4-4ab2-be3c-c1b9a243c686	SOBDetector	0.788235216333437	0.895445373891849	MuTect2	MuTect2
8f5d10af-16c4-4ab2-be3c-c1b9a243c686	VAFSNVF	0.707627118644069	0.850898347229628	MuTect2	MuTect2
8f7da5f7-8752-46a0-a9ff-395ed6deed63	MicroSEC	0.483333333333334	0.966684783509005	MuSE	MuSE
8f7da5f7-8752-46a0-a9ff-395ed6deed63	MOBSNVF	0.96666666666667	0.998907005731224	MuSE	MuSE
8f7da5f7-8752-46a0-a9ff-395ed6deed63	SOBDetector	0.774999999999999	0.987631439436684	MuSE	MuSE
8f7da5f7-8752-46a0-a9ff-395ed6deed63	VAFSNVF	0.0666666666666667	0.922153897825496	MuSE	MuSE
93eca453-294b-4400-8b41-c4455ddc7e45	MicroSEC	0.785743087557603	0.484364140957897	MuTect2	MuTect2
93eca453-294b-4400-8b41-c4455ddc7e45	MOBSNVF	0.772955069124417	0.523604355040291	MuTect2	MuTect2
93eca453-294b-4400-8b41-c4455ddc7e45	SOBDetector	0.930911866131497	0.642908799356546	MuTect2	MuTect2
93eca453-294b-4400-8b41-c4455ddc7e45	VAFSNVF	0.8878168202765	0.669259673198261	MuTect2	MuTect2
978e0586-70b3-41cb-ba68-8ffb772589ed	MicroSEC	0.783695652173913	0.935536461619524	MuSE	MuSE
978e0586-70b3-41cb-ba68-8ffb772589ed	MOBSNVF	0.831159420289847	0.951065359104134	MuSE	MuSE
978e0586-70b3-41cb-ba68-8ffb772589ed	SOBDetector	0.807291666666667	0.918532109951062	MuSE	MuSE
978e0586-70b3-41cb-ba68-8ffb772589ed	VAFSNVF	0.784057971014496	0.963398361546827	MuSE	MuSE
9bbe3fac-d9b9-469d-b463-61442018d979	MicroSEC	0.484848484848484	0.914322127711762	MuSE	MuSE
9bbe3fac-d9b9-469d-b463-61442018d979	MOBSNVF	0.837121212121208	0.975811273922321	MuSE	MuSE
9bbe3fac-d9b9-469d-b463-61442018d979	SOBDetector	0.734402852049911	0.962415493827673	MuSE	MuSE
9bbe3fac-d9b9-469d-b463-61442018d979	VAFSNVF	0.705808080808076	0.972321002379826	MuSE	MuSE
9cde587b-6509-44da-9acd-0e9a401a4c44	MicroSEC	0.732231698649608	0.0751192062524749	MuTect2	MuTect2
9cde587b-6509-44da-9acd-0e9a401a4c44	MOBSNVF	0.530857616678515	0.0373287052905616	MuTect2	MuTect2
9cde587b-6509-44da-9acd-0e9a401a4c44	SOBDetector	0.924916966194985	0.159968986269228	MuTect2	MuTect2
9cde587b-6509-44da-9acd-0e9a401a4c44	VAFSNVF	0.442667614309406	0.0298902598508142	MuTect2	MuTect2
9ce3888b-e1e3-44b1-bd5a-164289106cc3	MicroSEC	0.605158774349112	0.107845080005309	SomaticSniper	SomaticSniper
9ce3888b-e1e3-44b1-bd5a-164289106cc3	MOBSNVF	0.862936026464237	0.530360634568516	SomaticSniper	SomaticSniper
9ce3888b-e1e3-44b1-bd5a-164289106cc3	SOBDetector	0.841710535930824	0.354544927551859	SomaticSniper	SomaticSniper
9ce3888b-e1e3-44b1-bd5a-164289106cc3	VAFSNVF	0.194862447207018	0.0496241519643673	SomaticSniper	SomaticSniper
9daf8552-04e5-4f37-9646-5302daa0a032	MicroSEC	0.489114724480579	0.161722831911023	VarScan2	VarScan2
9daf8552-04e5-4f37-9646-5302daa0a032	MOBSNVF	0.882198703279948	0.491364079660768	VarScan2	VarScan2
9daf8552-04e5-4f37-9646-5302daa0a032	SOBDetector	0.608637330097623	0.290331292772901	VarScan2	VarScan2
9daf8552-04e5-4f37-9646-5302daa0a032	VAFSNVF	0.695473398169338	0.308478908411035	VarScan2	VarScan2
9e650473-2a25-4d52-94d0-c7413b79747f	MicroSEC	0.633728590250329	0.501277142658025	MuSE	MuSE
9e650473-2a25-4d52-94d0-c7413b79747f	MOBSNVF	0.865612648221338	0.762278351891806	MuSE	MuSE
9e650473-2a25-4d52-94d0-c7413b79747f	SOBDetector	0.823622402890696	0.640246113243272	MuSE	MuSE
9e650473-2a25-4d52-94d0-c7413b79747f	VAFSNVF	0.708827404479579	0.664809479272759	MuSE	MuSE
9eddc1da-ebdb-42ed-b08d-cb8445a08dd9	MicroSEC	0.764437689969604	0.936015686600365	MuSE	MuSE
9eddc1da-ebdb-42ed-b08d-cb8445a08dd9	MOBSNVF	0.822948328267472	0.95257901923419	MuSE	MuSE
9eddc1da-ebdb-42ed-b08d-cb8445a08dd9	SOBDetector	0.888150452488686	0.95356500954844	MuSE	MuSE
9eddc1da-ebdb-42ed-b08d-cb8445a08dd9	VAFSNVF	0.80585106382979	0.970097144205929	MuSE	MuSE
a071fc3c-2ec2-47ae-8d65-023e9b9dd5d2	MicroSEC	0.585092571125747	0.75463284397979	MuTect2	MuTect2
a071fc3c-2ec2-47ae-8d65-023e9b9dd5d2	MOBSNVF	0.718689762527732	0.827498468733795	MuTect2	MuTect2
a071fc3c-2ec2-47ae-8d65-023e9b9dd5d2	SOBDetector	0.785867271949244	0.77863965966804	MuTect2	MuTect2
a071fc3c-2ec2-47ae-8d65-023e9b9dd5d2	VAFSNVF	0.510643568301598	0.66228894674403	MuTect2	MuTect2
a37e157c-7bae-426d-89a8-435091a572e6	MicroSEC	0.533880037595971	0.192691792480816	SomaticSniper	SomaticSniper
a37e157c-7bae-426d-89a8-435091a572e6	MOBSNVF	0.851400315481714	0.568016065512201	SomaticSniper	SomaticSniper
a37e157c-7bae-426d-89a8-435091a572e6	SOBDetector	0.806044698679804	0.435435867532716	SomaticSniper	SomaticSniper
a37e157c-7bae-426d-89a8-435091a572e6	VAFSNVF	0.406571049315656	0.169229370853654	SomaticSniper	SomaticSniper
a3839581-dbd2-4be6-a8f5-a49366c02118	MicroSEC	0.547916688633796	0.211165559316028	SomaticSniper	SomaticSniper
a3839581-dbd2-4be6-a8f5-a49366c02118	MOBSNVF	0.760406097070715	0.387235702760177	SomaticSniper	SomaticSniper
a3839581-dbd2-4be6-a8f5-a49366c02118	SOBDetector	0.779022414904559	0.422185008073448	SomaticSniper	SomaticSniper
a3839581-dbd2-4be6-a8f5-a49366c02118	VAFSNVF	0.430588887915684	0.160697941638177	SomaticSniper	SomaticSniper
a3b6625e-0ec4-4318-88c8-9226f6ce9756	MicroSEC	0.580438448566611	0.198269892286285	VarScan2	VarScan2
a3b6625e-0ec4-4318-88c8-9226f6ce9756	MOBSNVF	0.838404571615614	0.436079259349352	VarScan2	VarScan2
a3b6625e-0ec4-4318-88c8-9226f6ce9756	SOBDetector	0.773583587598766	0.224244919024799	VarScan2	VarScan2
a3b6625e-0ec4-4318-88c8-9226f6ce9756	VAFSNVF	0.847692370639102	0.56484618373835	VarScan2	VarScan2
a3c4f011-f244-4071-a7f3-399b4cecceb1	MicroSEC	0.735389610389613	0.199984924218428	MuTect2	MuTect2
a3c4f011-f244-4071-a7f3-399b4cecceb1	MOBSNVF	0.850649350649337	0.396479254043274	MuTect2	MuTect2
a3c4f011-f244-4071-a7f3-399b4cecceb1	SOBDetector	0.934807256235817	0.483894133183757	MuTect2	MuTect2
a3c4f011-f244-4071-a7f3-399b4cecceb1	VAFSNVF	0.82575757575757	0.312921572502617	MuTect2	MuTect2
a4394f0a-64e2-4c4e-bdb8-1ae7c6127cea	MicroSEC	0.607402502354051	0.213967055371149	SomaticSniper	SomaticSniper
a4394f0a-64e2-4c4e-bdb8-1ae7c6127cea	MOBSNVF	0.83852295392337	0.560514778709102	SomaticSniper	SomaticSniper
a4394f0a-64e2-4c4e-bdb8-1ae7c6127cea	SOBDetector	0.860660364601702	0.502514620224045	SomaticSniper	SomaticSniper
a4394f0a-64e2-4c4e-bdb8-1ae7c6127cea	VAFSNVF	0.182709810075275	0.1021484136999	SomaticSniper	SomaticSniper
a4b87144-7570-4b58-927d-49b71f17305e	MicroSEC	0.7	0.66666666666667	MuSE	MuSE
a4b87144-7570-4b58-927d-49b71f17305e	MOBSNVF	0.8	0.750000000000018	MuSE	MuSE
a4b87144-7570-4b58-927d-49b71f17305e	SOBDetector	0.763888888888894	0.82977858018467	MuSE	MuSE
a4b87144-7570-4b58-927d-49b71f17305e	VAFSNVF	0.766666666666669	0.828951045514355	MuSE	MuSE
a82846b3-c3df-443e-b9e6-836380fa60e3	MicroSEC	0.499662618083671	0.814172360525564	MuTect2	MuTect2
a82846b3-c3df-443e-b9e6-836380fa60e3	MOBSNVF	0.889676113360325	0.96301639970617	MuTect2	MuTect2
a82846b3-c3df-443e-b9e6-836380fa60e3	SOBDetector	0.538503774879891	0.77314883679367	MuTect2	MuTect2
a82846b3-c3df-443e-b9e6-836380fa60e3	VAFSNVF	0.956815114709856	0.990704315407708	MuTect2	MuTect2
a923ebb3-f2c8-4286-b881-4b9a4f7ac55c	MicroSEC	0.631416309012874	0.863792811237224	MuTect2	MuTect2
a923ebb3-f2c8-4286-b881-4b9a4f7ac55c	MOBSNVF	0.868154506437776	0.962402222283662	MuTect2	MuTect2
a923ebb3-f2c8-4286-b881-4b9a4f7ac55c	SOBDetector	0.808383195578315	0.887835967936215	MuTect2	MuTect2
a923ebb3-f2c8-4286-b881-4b9a4f7ac55c	VAFSNVF	0.471201716738196	0.769811760514195	MuTect2	MuTect2
a9f282fc-daa6-4dc0-97b0-590db400735d	MicroSEC	0.529931972789114	0.912482607849854	MuTect2	MuTect2
a9f282fc-daa6-4dc0-97b0-590db400735d	MOBSNVF	0.974149659863941	0.997383546874882	MuTect2	MuTect2
a9f282fc-daa6-4dc0-97b0-590db400735d	SOBDetector	0.778525641025641	0.96418134768262	MuTect2	MuTect2
a9f282fc-daa6-4dc0-97b0-590db400735d	VAFSNVF	0.611564625850338	0.94051655862548	MuTect2	MuTect2
aa797f66-eb7f-4761-9200-a7e315884a34	MicroSEC	0.550381679389313	0.907154671479548	MuSE	MuSE
aa797f66-eb7f-4761-9200-a7e315884a34	MOBSNVF	0.766412213740455	0.952783820565364	MuSE	MuSE
aa797f66-eb7f-4761-9200-a7e315884a34	SOBDetector	0.574607062665849	0.911942816280183	MuSE	MuSE
aa797f66-eb7f-4761-9200-a7e315884a34	VAFSNVF	0.576590330788799	0.924119639930022	MuSE	MuSE
abce0b6d-0956-4e4a-b848-dd12f4a331ae	MicroSEC	0.598450704225351	0.214482133318144	VarScan2	VarScan2
abce0b6d-0956-4e4a-b848-dd12f4a331ae	MOBSNVF	0.847744978411864	0.506976072445657	VarScan2	VarScan2
abce0b6d-0956-4e4a-b848-dd12f4a331ae	SOBDetector	0.805792529930457	0.353596050927533	VarScan2	VarScan2
abce0b6d-0956-4e4a-b848-dd12f4a331ae	VAFSNVF	0.779926162317753	0.455181320627738	VarScan2	VarScan2
ac0b97eb-ada8-413f-aae3-dda66580d52e	MicroSEC	0.522388059701494	0.264367816091957	MuSE	MuSE
ac0b97eb-ada8-413f-aae3-dda66580d52e	MOBSNVF	0.574626865671642	0.287499999999997	MuSE	MuSE
ac0b97eb-ada8-413f-aae3-dda66580d52e	SOBDetector	0.527553083923153	0.208030675815226	MuSE	MuSE
ac0b97eb-ada8-413f-aae3-dda66580d52e	VAFSNVF	0.541531473069437	0.27780130662382	MuSE	MuSE
ac3bc4fe-3aa3-42ee-b4f0-b5c2189f53f0	MicroSEC	0.604583333333332	0.242405067490379	VarScan2	VarScan2
ac3bc4fe-3aa3-42ee-b4f0-b5c2189f53f0	MOBSNVF	0.715080294412846	0.289733955197038	VarScan2	VarScan2
ac3bc4fe-3aa3-42ee-b4f0-b5c2189f53f0	SOBDetector	0.615221118495475	0.168003884204568	VarScan2	VarScan2
ac3bc4fe-3aa3-42ee-b4f0-b5c2189f53f0	VAFSNVF	0.725911676145865	0.436544732830862	VarScan2	VarScan2
ac5123a7-ef7e-469b-ba95-7b36c9991dd9	MicroSEC	0.52031908179635	0.136798965428613	SomaticSniper	SomaticSniper
ac5123a7-ef7e-469b-ba95-7b36c9991dd9	MOBSNVF	0.784922294230321	0.414990395203109	SomaticSniper	SomaticSniper
ac5123a7-ef7e-469b-ba95-7b36c9991dd9	SOBDetector	0.716783300583976	0.316029497268188	SomaticSniper	SomaticSniper
ac5123a7-ef7e-469b-ba95-7b36c9991dd9	VAFSNVF	0.500304638224659	0.135433787313038	SomaticSniper	SomaticSniper
adb1887f-18cb-4e98-816e-27f9358ccd90	MicroSEC	0.689183617372183	0.718110377536733	MuTect2	MuTect2
adb1887f-18cb-4e98-816e-27f9358ccd90	MOBSNVF	0.935472787245744	0.953921989387874	MuTect2	MuTect2
adb1887f-18cb-4e98-816e-27f9358ccd90	SOBDetector	0.945043169904413	0.92184867928275	MuTect2	MuTect2
adb1887f-18cb-4e98-816e-27f9358ccd90	VAFSNVF	0.795285871357892	0.80875341759518	MuTect2	MuTect2
addb16bb-6a21-493c-a6ab-6e666f66f6c4	MicroSEC	0.501266156686895	0.0554111317009537	SomaticSniper	SomaticSniper
addb16bb-6a21-493c-a6ab-6e666f66f6c4	MOBSNVF	0.838721075492222	0.232167777777959	SomaticSniper	SomaticSniper
addb16bb-6a21-493c-a6ab-6e666f66f6c4	SOBDetector	0.737612577231438	0.175224804420475	SomaticSniper	SomaticSniper
addb16bb-6a21-493c-a6ab-6e666f66f6c4	VAFSNVF	0.534813527826818	0.0641966832382935	SomaticSniper	SomaticSniper
ae400342-1fed-4d27-8347-8b695baf5759	MicroSEC	0.806845185706738	0.407682627016861	MuTect2	MuTect2
ae400342-1fed-4d27-8347-8b695baf5759	MOBSNVF	0.808011353634926	0.461180327180709	MuTect2	MuTect2
ae400342-1fed-4d27-8347-8b695baf5759	SOBDetector	0.961146517661627	0.756256838343881	MuTect2	MuTect2
ae400342-1fed-4d27-8347-8b695baf5759	VAFSNVF	0.808374405914451	0.398513905350192	MuTect2	MuTect2
ae8e5b2b-f3eb-4e56-8847-5afe8d44a98b	MicroSEC	0.522888056595921	0.0959874071735508	MuTect2	MuTect2
ae8e5b2b-f3eb-4e56-8847-5afe8d44a98b	MOBSNVF	0.960327368567069	0.593078172164724	MuTect2	MuTect2
ae8e5b2b-f3eb-4e56-8847-5afe8d44a98b	SOBDetector	0.450035688793722	0.0469080927744885	MuTect2	MuTect2
ae8e5b2b-f3eb-4e56-8847-5afe8d44a98b	VAFSNVF	0.955194895269802	0.512953773901307	MuTect2	MuTect2
b192162a-ddc3-4a1d-a3df-501c85344d65	MicroSEC	0.707090062961948	0.246978004811059	MuTect2	MuTect2
b192162a-ddc3-4a1d-a3df-501c85344d65	MOBSNVF	0.756985633320151	0.365056087885103	MuTect2	MuTect2
b192162a-ddc3-4a1d-a3df-501c85344d65	SOBDetector	0.867506209543878	0.299588477216283	MuTect2	MuTect2
b192162a-ddc3-4a1d-a3df-501c85344d65	VAFSNVF	0.717872676947409	0.25853608619559	MuTect2	MuTect2
b222da72-bc9c-46eb-870e-12e765313d04	MicroSEC	0.493333333333333	0.97368649882293	MuSE	MuSE
b222da72-bc9c-46eb-870e-12e765313d04	MOBSNVF	1.0	1.0	MuSE	MuSE
b222da72-bc9c-46eb-870e-12e765313d04	SOBDetector	0.870033670033669	0.999064240263147	MuSE	MuSE
b222da72-bc9c-46eb-870e-12e765313d04	VAFSNVF	0.263513513513512	0.962953183196393	MuSE	MuSE
b43b3b59-e400-4d45-a933-c2b6d534ecb8	MicroSEC	0.50282583472716	0.0468424376774502	SomaticSniper	SomaticSniper
b43b3b59-e400-4d45-a933-c2b6d534ecb8	MOBSNVF	0.826044192241086	0.282479773025807	SomaticSniper	SomaticSniper
b43b3b59-e400-4d45-a933-c2b6d534ecb8	SOBDetector	0.682749858307779	0.147891157414105	SomaticSniper	SomaticSniper
b43b3b59-e400-4d45-a933-c2b6d534ecb8	VAFSNVF	0.509346408482034	0.0495118211640566	SomaticSniper	SomaticSniper
b5f96780-0553-489e-9cac-6c151bc033cd	MicroSEC	0.63658596233798	0.794082433494612	VarScan2	VarScan2
b5f96780-0553-489e-9cac-6c151bc033cd	MOBSNVF	0.758322155834659	0.839848695752461	VarScan2	VarScan2
b5f96780-0553-489e-9cac-6c151bc033cd	SOBDetector	0.598876835629089	0.829095342006239	VarScan2	VarScan2
b5f96780-0553-489e-9cac-6c151bc033cd	VAFSNVF	0.619528106328498	0.770051684573348	VarScan2	VarScan2
b63a9c22-20d2-4c39-b4dc-c787d3d4baa5	MicroSEC	0.510824022346368	0.0437061153203946	MuTect2	MuTect2
b63a9c22-20d2-4c39-b4dc-c787d3d4baa5	MOBSNVF	0.985024829298572	0.671938862368209	MuTect2	MuTect2
b63a9c22-20d2-4c39-b4dc-c787d3d4baa5	SOBDetector	0.403693693693701	0.0156007822142645	MuTect2	MuTect2
b63a9c22-20d2-4c39-b4dc-c787d3d4baa5	VAFSNVF	0.952669149596524	0.292309926555365	MuTect2	MuTect2
b6738974-c373-4008-89a9-48af8433b5ae	MicroSEC	0.490801804928844	0.557379836880657	MuTect2	MuTect2
b6738974-c373-4008-89a9-48af8433b5ae	MOBSNVF	0.79399514057619	0.781932325777235	MuTect2	MuTect2
b6738974-c373-4008-89a9-48af8433b5ae	SOBDetector	0.688095238095238	0.658824289562137	MuTect2	MuTect2
b6738974-c373-4008-89a9-48af8433b5ae	VAFSNVF	0.829225963207219	0.760723770756836	MuTect2	MuTect2
b87e3985-2b05-43b8-abdf-13ee5e7ddd23	MicroSEC	0.519698049309669	0.118897882804443	SomaticSniper	SomaticSniper
b87e3985-2b05-43b8-abdf-13ee5e7ddd23	MOBSNVF	0.856116497536061	0.438828667445231	SomaticSniper	SomaticSniper
b87e3985-2b05-43b8-abdf-13ee5e7ddd23	SOBDetector	0.793555987198733	0.400572650526006	SomaticSniper	SomaticSniper
b87e3985-2b05-43b8-abdf-13ee5e7ddd23	VAFSNVF	0.422800595490478	0.109610569463446	SomaticSniper	SomaticSniper
bcc711f9-9126-42b1-a9a8-025ae7ae602a	MicroSEC	0.56	0.765957446808515	MuTect2	MuTect2
bcc711f9-9126-42b1-a9a8-025ae7ae602a	MOBSNVF	0.871666666666669	0.93436814775831	MuTect2	MuTect2
bcc711f9-9126-42b1-a9a8-025ae7ae602a	SOBDetector	0.731789023521026	0.929543130172425	MuTect2	MuTect2
bcc711f9-9126-42b1-a9a8-025ae7ae602a	VAFSNVF	0.674722222222221	0.826116120005169	MuTect2	MuTect2
bd67febd-9eb4-4018-a24f-3bf64419607c	MicroSEC	0.506233766233767	0.331447246584543	VarScan2	VarScan2
bd67febd-9eb4-4018-a24f-3bf64419607c	MOBSNVF	0.787292817679556	0.53824764798659	VarScan2	VarScan2
bd67febd-9eb4-4018-a24f-3bf64419607c	SOBDetector	0.708842732420145	0.283689753209182	VarScan2	VarScan2
bd67febd-9eb4-4018-a24f-3bf64419607c	VAFSNVF	0.667934275669078	0.477495255055491	VarScan2	VarScan2
bdafb9ac-850a-4706-9f6d-2e6dd2b1f75a	MicroSEC	0.476868276887977	0.0544516331971546	SomaticSniper	SomaticSniper
bdafb9ac-850a-4706-9f6d-2e6dd2b1f75a	MOBSNVF	0.867379893626744	0.410388990923803	SomaticSniper	SomaticSniper
bdafb9ac-850a-4706-9f6d-2e6dd2b1f75a	SOBDetector	0.790872292751547	0.224373619737422	SomaticSniper	SomaticSniper
bdafb9ac-850a-4706-9f6d-2e6dd2b1f75a	VAFSNVF	0.342851824985714	0.0411975977560021	SomaticSniper	SomaticSniper
bf3cac3b-b63e-4459-9473-bfa4782ae637	MicroSEC	0.515107415107415	0.218715183364273	SomaticSniper	SomaticSniper
bf3cac3b-b63e-4459-9473-bfa4782ae637	MOBSNVF	0.875483802760605	0.686711796267086	SomaticSniper	SomaticSniper
bf3cac3b-b63e-4459-9473-bfa4782ae637	SOBDetector	0.801786097456229	0.591831739804666	SomaticSniper	SomaticSniper
bf3cac3b-b63e-4459-9473-bfa4782ae637	VAFSNVF	0.350741570250493	0.195918284025341	SomaticSniper	SomaticSniper
c18c2d3c-69d0-42c8-90dd-a6fd6ca3fc03	MicroSEC	0.500040552870805	0.268452288882256	VarScan2	VarScan2
c18c2d3c-69d0-42c8-90dd-a6fd6ca3fc03	MOBSNVF	0.911263309008254	0.717641814472409	VarScan2	VarScan2
c18c2d3c-69d0-42c8-90dd-a6fd6ca3fc03	SOBDetector	0.649873481661928	0.311417788178605	VarScan2	VarScan2
c18c2d3c-69d0-42c8-90dd-a6fd6ca3fc03	VAFSNVF	0.84499408488522	0.67234631017384	VarScan2	VarScan2
c2ec3ac0-a6e8-456c-b5aa-523adb91e5d6	MicroSEC	0.636178861788618	0.295644907320297	VarScan2	VarScan2
c2ec3ac0-a6e8-456c-b5aa-523adb91e5d6	MOBSNVF	0.715307378990242	0.332416731180763	VarScan2	VarScan2
c2ec3ac0-a6e8-456c-b5aa-523adb91e5d6	SOBDetector	0.693781642086728	0.197786951623643	VarScan2	VarScan2
c2ec3ac0-a6e8-456c-b5aa-523adb91e5d6	VAFSNVF	0.765226863692335	0.353792197699644	VarScan2	VarScan2
c3adcb4f-bfcb-4d93-892d-7e4262c1b1ef	MicroSEC	0.531463905665815	0.121380293110193	SomaticSniper	SomaticSniper
c3adcb4f-bfcb-4d93-892d-7e4262c1b1ef	MOBSNVF	0.71851967540007	0.264845808189066	SomaticSniper	SomaticSniper
c3adcb4f-bfcb-4d93-892d-7e4262c1b1ef	SOBDetector	0.777835938570487	0.315479286208983	SomaticSniper	SomaticSniper
c3adcb4f-bfcb-4d93-892d-7e4262c1b1ef	VAFSNVF	0.435172301731538	0.104468662948305	SomaticSniper	SomaticSniper
c78d867e-4337-4e3d-83c1-8af404cda80f	MicroSEC	0.668613021916494	0.524641098760385	VarScan2	VarScan2
c78d867e-4337-4e3d-83c1-8af404cda80f	MOBSNVF	0.757669902912612	0.620771897139897	VarScan2	VarScan2
c78d867e-4337-4e3d-83c1-8af404cda80f	SOBDetector	0.79606837127584	0.578441886352558	VarScan2	VarScan2
c78d867e-4337-4e3d-83c1-8af404cda80f	VAFSNVF	0.589611650485435	0.4520772214939	VarScan2	VarScan2
c8054bb1-7031-44e5-9bbf-62f46f49bf17	MicroSEC	0.548740055664634	0.0748753736029859	VarScan2	VarScan2
c8054bb1-7031-44e5-9bbf-62f46f49bf17	MOBSNVF	0.795771756978651	0.187366989480573	VarScan2	VarScan2
c8054bb1-7031-44e5-9bbf-62f46f49bf17	SOBDetector	0.79870622900876	0.125080582976665	VarScan2	VarScan2
c8054bb1-7031-44e5-9bbf-62f46f49bf17	VAFSNVF	0.76389013285565	0.244428529535995	VarScan2	VarScan2
c9ae4aa3-f76d-4c7a-ad7a-17d82c71f600	MicroSEC	0.601983000417005	0.0749863866406438	SomaticSniper	SomaticSniper
c9ae4aa3-f76d-4c7a-ad7a-17d82c71f600	MOBSNVF	0.865834048890417	0.318454849911037	SomaticSniper	SomaticSniper
c9ae4aa3-f76d-4c7a-ad7a-17d82c71f600	SOBDetector	0.781595096099642	0.214797273630332	SomaticSniper	SomaticSniper
c9ae4aa3-f76d-4c7a-ad7a-17d82c71f600	VAFSNVF	0.41056551892578	0.0573418076563066	SomaticSniper	SomaticSniper
cada6b29-1050-4704-b939-a1312f065e03	MicroSEC	0.55302364870101	0.171195718910228	SomaticSniper	SomaticSniper
cada6b29-1050-4704-b939-a1312f065e03	MOBSNVF	0.804316246559681	0.41446215995155	SomaticSniper	SomaticSniper
cada6b29-1050-4704-b939-a1312f065e03	SOBDetector	0.774971127542668	0.375114917335588	SomaticSniper	SomaticSniper
cada6b29-1050-4704-b939-a1312f065e03	VAFSNVF	0.432413029377675	0.131912403229759	SomaticSniper	SomaticSniper
cb4ae5e1-c670-45e4-8571-579f760328d6	MicroSEC	0.511430479277321	0.123815810465901	SomaticSniper	SomaticSniper
cb4ae5e1-c670-45e4-8571-579f760328d6	MOBSNVF	0.800030744320747	0.351964481911032	SomaticSniper	SomaticSniper
cb4ae5e1-c670-45e4-8571-579f760328d6	SOBDetector	0.839633216904754	0.386250008423324	SomaticSniper	SomaticSniper
cb4ae5e1-c670-45e4-8571-579f760328d6	VAFSNVF	0.401436606585607	0.106583292860178	SomaticSniper	SomaticSniper
ce67f18c-5357-422e-b7a5-91de4855ef29	MicroSEC	0.733333333333333	0.966170108514999	MuSE	MuSE
ce67f18c-5357-422e-b7a5-91de4855ef29	MOBSNVF	0.96666666666667	0.997883419795242	MuSE	MuSE
ce67f18c-5357-422e-b7a5-91de4855ef29	SOBDetector	0.67099567099567	0.950273663207347	MuSE	MuSE
ce67f18c-5357-422e-b7a5-91de4855ef29	VAFSNVF	0.0666666666666667	0.861370260118134	MuSE	MuSE
ce6f2e5b-e183-4155-9db2-3ae8a5fe0e25	MicroSEC	0.63627450980392	0.511692911998734	VarScan2	VarScan2
ce6f2e5b-e183-4155-9db2-3ae8a5fe0e25	MOBSNVF	0.841262587797239	0.689916849235996	VarScan2	VarScan2
ce6f2e5b-e183-4155-9db2-3ae8a5fe0e25	SOBDetector	0.645624734798827	0.446114588657989	VarScan2	VarScan2
ce6f2e5b-e183-4155-9db2-3ae8a5fe0e25	VAFSNVF	0.533062537022934	0.400449125349084	VarScan2	VarScan2
ce8a3d38-7199-4da4-8daf-170e0ae309ef	MicroSEC	0.541157706192474	0.362937067895428	SomaticSniper	SomaticSniper
ce8a3d38-7199-4da4-8daf-170e0ae309ef	MOBSNVF	0.859693786400829	0.789128519834974	SomaticSniper	SomaticSniper
ce8a3d38-7199-4da4-8daf-170e0ae309ef	SOBDetector	0.785189170966944	0.67321405327798	SomaticSniper	SomaticSniper
ce8a3d38-7199-4da4-8daf-170e0ae309ef	VAFSNVF	0.475364373718967	0.369505138300773	SomaticSniper	SomaticSniper
cf1f5ad2-bc10-4021-a904-e190649ac4e9	MicroSEC	0.5	0.866666666666675	MuTect2	MuTect2
cf1f5ad2-bc10-4021-a904-e190649ac4e9	MOBSNVF	1.0	1.0	MuTect2	MuTect2
cf1f5ad2-bc10-4021-a904-e190649ac4e9	SOBDetector	0.83897435897436	0.956372682075825	MuTect2	MuTect2
cf1f5ad2-bc10-4021-a904-e190649ac4e9	VAFSNVF	1.0	1.0	MuTect2	MuTect2
cf8df1e8-1994-432f-9779-6c177569f6fd	MicroSEC	0.477237498905396	0.0345848973605769	SomaticSniper	SomaticSniper
cf8df1e8-1994-432f-9779-6c177569f6fd	MOBSNVF	0.825666278022231	0.143532278470541	SomaticSniper	SomaticSniper
cf8df1e8-1994-432f-9779-6c177569f6fd	SOBDetector	0.710766664294329	0.120113608179789	SomaticSniper	SomaticSniper
cf8df1e8-1994-432f-9779-6c177569f6fd	VAFSNVF	0.55497570744517	0.0540041429122564	SomaticSniper	SomaticSniper
cf9257d2-9d4d-4062-857b-9f5a7684e410	MicroSEC	0.59527769482827	0.167237216317425	SomaticSniper	SomaticSniper
cf9257d2-9d4d-4062-857b-9f5a7684e410	MOBSNVF	0.653560484733263	0.268797782263714	SomaticSniper	SomaticSniper
cf9257d2-9d4d-4062-857b-9f5a7684e410	SOBDetector	0.697972955382463	0.212952240318385	SomaticSniper	SomaticSniper
cf9257d2-9d4d-4062-857b-9f5a7684e410	VAFSNVF	0.391107117290346	0.107716394578515	SomaticSniper	SomaticSniper
d146e8cf-b4ce-473f-9307-435fed36dbc1	MicroSEC	0.700320512820513	0.754028262366676	VarScan2	VarScan2
d146e8cf-b4ce-473f-9307-435fed36dbc1	MOBSNVF	0.804919053549189	0.789299334114773	VarScan2	VarScan2
d146e8cf-b4ce-473f-9307-435fed36dbc1	SOBDetector	0.7031876671123	0.669917673831824	VarScan2	VarScan2
d146e8cf-b4ce-473f-9307-435fed36dbc1	VAFSNVF	0.668212951432127	0.739336224736541	VarScan2	VarScan2
d1cc0503-c7d1-4cff-8c4a-5670da5c9beb	MicroSEC	0.609976407460672	0.0554974224677505	SomaticSniper	SomaticSniper
d1cc0503-c7d1-4cff-8c4a-5670da5c9beb	MOBSNVF	0.848761529227319	0.375069962011555	SomaticSniper	SomaticSniper
d1cc0503-c7d1-4cff-8c4a-5670da5c9beb	SOBDetector	0.825541494872762	0.181512350664272	SomaticSniper	SomaticSniper
d1cc0503-c7d1-4cff-8c4a-5670da5c9beb	VAFSNVF	0.215645883311626	0.0252404378122417	SomaticSniper	SomaticSniper
d235c890-0fe5-424d-a5bb-e38c99fd8a33	MicroSEC	0.645089285714285	0.618563699293428	MuSE	MuSE
d235c890-0fe5-424d-a5bb-e38c99fd8a33	MOBSNVF	0.517857142857144	0.545258727137865	MuSE	MuSE
d235c890-0fe5-424d-a5bb-e38c99fd8a33	SOBDetector	0.582120028409092	0.490492875439367	MuSE	MuSE
d235c890-0fe5-424d-a5bb-e38c99fd8a33	VAFSNVF	0.702566964285713	0.646906919307615	MuSE	MuSE
d28fcc01-f192-443d-aa5e-70b648d00369	MicroSEC	0.515591397849463	0.249896390910511	MuTect2	MuTect2
d28fcc01-f192-443d-aa5e-70b648d00369	MOBSNVF	0.917967395074575	0.738368015484692	MuTect2	MuTect2
d28fcc01-f192-443d-aa5e-70b648d00369	SOBDetector	0.460270587249727	0.142483156031369	MuTect2	MuTect2
d28fcc01-f192-443d-aa5e-70b648d00369	VAFSNVF	0.944502254595907	0.828550811857124	MuTect2	MuTect2
d4d228be-d9af-4d6f-ba1d-2de28df32a43	MicroSEC	0.675	0.764584672916547	MuSE	MuSE
d4d228be-d9af-4d6f-ba1d-2de28df32a43	MOBSNVF	0.749583333333327	0.794898923282899	MuSE	MuSE
d4d228be-d9af-4d6f-ba1d-2de28df32a43	SOBDetector	0.753336142716674	0.793842605211927	MuSE	MuSE
d4d228be-d9af-4d6f-ba1d-2de28df32a43	VAFSNVF	0.734583333333324	0.857693867605187	MuSE	MuSE
d4f0f9fb-e576-43d6-a660-875fdf986993	MicroSEC	0.842857142857143	0.292004582348606	MuSE	MuSE
d4f0f9fb-e576-43d6-a660-875fdf986993	MOBSNVF	0.728571428571428	0.136363636363638	MuSE	MuSE
d4f0f9fb-e576-43d6-a660-875fdf986993	SOBDetector	0.896540679051887	0.305298872966594	MuSE	MuSE
d4f0f9fb-e576-43d6-a660-875fdf986993	VAFSNVF	0.825000000000001	0.476070818141011	MuSE	MuSE
d531f102-41c4-4584-a666-f38d79c18276	MicroSEC	0.696715991692626	0.710845944309053	MuTect2	MuTect2
d531f102-41c4-4584-a666-f38d79c18276	MOBSNVF	0.922702492211836	0.939326392324364	MuTect2	MuTect2
d531f102-41c4-4584-a666-f38d79c18276	SOBDetector	0.943370277485647	0.921954341641495	MuTect2	MuTect2
d531f102-41c4-4584-a666-f38d79c18276	VAFSNVF	0.746819833852544	0.739320987715971	MuTect2	MuTect2
d68761a5-54a7-439c-94d2-44cfc901d911	MicroSEC	0.525873827791988	0.0942166367926257	MuTect2	MuTect2
d68761a5-54a7-439c-94d2-44cfc901d911	MOBSNVF	0.911849710982652	0.625614264471839	MuTect2	MuTect2
d68761a5-54a7-439c-94d2-44cfc901d911	SOBDetector	0.427815734989654	0.0388742929787751	MuTect2	MuTect2
d68761a5-54a7-439c-94d2-44cfc901d911	VAFSNVF	0.940255986787778	0.501040300542458	MuTect2	MuTect2
d74dd2ba-f677-483b-a23c-8820246d627f	MicroSEC	0.589583333333334	0.921400796235277	MuSE	MuSE
d74dd2ba-f677-483b-a23c-8820246d627f	MOBSNVF	0.810937499999999	0.963619421010922	MuSE	MuSE
d74dd2ba-f677-483b-a23c-8820246d627f	SOBDetector	0.727391304347827	0.960062592187169	MuSE	MuSE
d74dd2ba-f677-483b-a23c-8820246d627f	VAFSNVF	0.70729166666667	0.964633323456367	MuSE	MuSE
d7573d85-1ecd-4286-8d8d-d9440edaa20b	MicroSEC	0.601112680877537	0.118724941724275	SomaticSniper	SomaticSniper
d7573d85-1ecd-4286-8d8d-d9440edaa20b	MOBSNVF	0.720791526154702	0.232138597851804	SomaticSniper	SomaticSniper
d7573d85-1ecd-4286-8d8d-d9440edaa20b	SOBDetector	0.703660334185463	0.157357148250389	SomaticSniper	SomaticSniper
d7573d85-1ecd-4286-8d8d-d9440edaa20b	VAFSNVF	0.378140244219395	0.0712600654493235	SomaticSniper	SomaticSniper
d8d3c6cc-9299-4a90-84e1-ea0caff93cb8	MicroSEC	0.565386842456906	0.513928169576796	VarScan2	VarScan2
d8d3c6cc-9299-4a90-84e1-ea0caff93cb8	MOBSNVF	0.834838709677409	0.74891404870631	VarScan2	VarScan2
d8d3c6cc-9299-4a90-84e1-ea0caff93cb8	SOBDetector	0.588303609341825	0.529428592520766	VarScan2	VarScan2
d8d3c6cc-9299-4a90-84e1-ea0caff93cb8	VAFSNVF	0.591909328683522	0.52125693677353	VarScan2	VarScan2
d9bb7426-baaf-4263-a349-76b03bc7ef49	MicroSEC	0.486486486486487	0.85044071814539	MuTect2	MuTect2
d9bb7426-baaf-4263-a349-76b03bc7ef49	MOBSNVF	0.942389758179236	0.989188439823327	MuTect2	MuTect2
d9bb7426-baaf-4263-a349-76b03bc7ef49	SOBDetector	0.810019990004997	0.98054262886953	MuTect2	MuTect2
d9bb7426-baaf-4263-a349-76b03bc7ef49	VAFSNVF	0.596728307254623	0.854728348068927	MuTect2	MuTect2
dabb05ae-ff44-4e06-a320-5269d8c68eed	MicroSEC	0.486607142857142	0.879070832769485	MuTect2	MuTect2
dabb05ae-ff44-4e06-a320-5269d8c68eed	MOBSNVF	0.933035714285713	0.990098887523358	MuTect2	MuTect2
dabb05ae-ff44-4e06-a320-5269d8c68eed	SOBDetector	0.781207598371783	0.984865992890105	MuTect2	MuTect2
dabb05ae-ff44-4e06-a320-5269d8c68eed	VAFSNVF	0.596726190476188	0.890290671860057	MuTect2	MuTect2
dc76db4d-cdcc-42b1-b636-bef00b0a6443	MicroSEC	0.703508771929825	0.732337728568416	MuSE	MuSE
dc76db4d-cdcc-42b1-b636-bef00b0a6443	MOBSNVF	0.671052631578949	0.709988308008161	MuSE	MuSE
dc76db4d-cdcc-42b1-b636-bef00b0a6443	SOBDetector	0.535439053511343	0.591820739190768	MuSE	MuSE
dc76db4d-cdcc-42b1-b636-bef00b0a6443	VAFSNVF	0.330701754385966	0.522774117121729	MuSE	MuSE
dd98f8d3-c819-4e67-be1b-0a48ac31c44e	MicroSEC	0.512344508495145	0.216243543838519	VarScan2	VarScan2
dd98f8d3-c819-4e67-be1b-0a48ac31c44e	MOBSNVF	0.948441217287866	0.786157170353962	VarScan2	VarScan2
dd98f8d3-c819-4e67-be1b-0a48ac31c44e	SOBDetector	0.639316479072422	0.270204539458224	VarScan2	VarScan2
dd98f8d3-c819-4e67-be1b-0a48ac31c44e	VAFSNVF	0.885482751784298	0.717121448401562	VarScan2	VarScan2
df7d6009-ad2c-44b1-a635-f4c8ed449c8c	MicroSEC	0.6	0.924528301886803	MuSE	MuSE
df7d6009-ad2c-44b1-a635-f4c8ed449c8c	MOBSNVF	0.575510204081632	0.919928038755293	MuSE	MuSE
df7d6009-ad2c-44b1-a635-f4c8ed449c8c	SOBDetector	0.484720758693362	0.937365392365694	MuSE	MuSE
df7d6009-ad2c-44b1-a635-f4c8ed449c8c	VAFSNVF	0.755102040816325	0.965272899423775	MuSE	MuSE
e02307de-1c40-47d6-9842-4acdf70a718d	MicroSEC	0.692039442039439	0.452651444759458	VarScan2	VarScan2
e02307de-1c40-47d6-9842-4acdf70a718d	MOBSNVF	0.942030188237133	0.830855463395422	VarScan2	VarScan2
e02307de-1c40-47d6-9842-4acdf70a718d	SOBDetector	0.726364172726118	0.343269327796506	VarScan2	VarScan2
e02307de-1c40-47d6-9842-4acdf70a718d	VAFSNVF	0.938305475279234	0.886390127521467	VarScan2	VarScan2
e03215b2-319a-4edd-8101-335c5a981f72	MicroSEC	0.534056252117928	0.903586198680272	MuSE	MuSE
e03215b2-319a-4edd-8101-335c5a981f72	MOBSNVF	0.698322602507622	0.936551933233486	MuSE	MuSE
e03215b2-319a-4edd-8101-335c5a981f72	SOBDetector	0.665341316681883	0.921747576901506	MuSE	MuSE
e03215b2-319a-4edd-8101-335c5a981f72	VAFSNVF	0.470603185360895	0.898610895858188	MuSE	MuSE
e10a33ef-b683-42a6-915c-4a50b4ff4cd5	MicroSEC	0.505910639235341	0.0698242808201453	SomaticSniper	SomaticSniper
e10a33ef-b683-42a6-915c-4a50b4ff4cd5	MOBSNVF	0.876090161279243	0.463184032705515	SomaticSniper	SomaticSniper
e10a33ef-b683-42a6-915c-4a50b4ff4cd5	SOBDetector	0.797460157126817	0.270165277040339	SomaticSniper	SomaticSniper
e10a33ef-b683-42a6-915c-4a50b4ff4cd5	VAFSNVF	0.349620150522523	0.0492697280326685	SomaticSniper	SomaticSniper
e185d16f-1bf4-4376-988b-0c28223edae7	MicroSEC	0.489906832298137	0.810839593923128	MuTect2	MuTect2
e185d16f-1bf4-4376-988b-0c28223edae7	MOBSNVF	0.879917184265011	0.959654863768036	MuTect2	MuTect2
e185d16f-1bf4-4376-988b-0c28223edae7	SOBDetector	0.646367777511389	0.860304842496467	MuTect2	MuTect2
e185d16f-1bf4-4376-988b-0c28223edae7	VAFSNVF	0.920031055900624	0.976093565924346	MuTect2	MuTect2
e1e0a6df-9b98-455d-9649-c9f6e1a3e8f7	MicroSEC	0.577777777777778	0.877087082446637	MuSE	MuSE
e1e0a6df-9b98-455d-9649-c9f6e1a3e8f7	MOBSNVF	0.713333333333331	0.919727020304946	MuSE	MuSE
e1e0a6df-9b98-455d-9649-c9f6e1a3e8f7	SOBDetector	0.612225274725274	0.951202002690605	MuSE	MuSE
e1e0a6df-9b98-455d-9649-c9f6e1a3e8f7	VAFSNVF	0.370370370370367	0.809604218875129	MuSE	MuSE
e280d060-0580-40af-9011-ac2f40dcb212	MicroSEC	0.528644602236999	0.108046991687393	SomaticSniper	SomaticSniper
e280d060-0580-40af-9011-ac2f40dcb212	MOBSNVF	0.894646428642152	0.529621770792375	SomaticSniper	SomaticSniper
e280d060-0580-40af-9011-ac2f40dcb212	SOBDetector	0.821566556243509	0.389576610166955	SomaticSniper	SomaticSniper
e280d060-0580-40af-9011-ac2f40dcb212	VAFSNVF	0.263580026887222	0.0796591370725059	SomaticSniper	SomaticSniper
e308c3f3-1266-4eb1-8e9c-9fbb9feb819c	MicroSEC	0.613060428849902	0.535882677657029	VarScan2	VarScan2
e308c3f3-1266-4eb1-8e9c-9fbb9feb819c	MOBSNVF	0.84477040816326	0.745836055873793	VarScan2	VarScan2
e308c3f3-1266-4eb1-8e9c-9fbb9feb819c	SOBDetector	0.710834182878826	0.693142208291209	VarScan2	VarScan2
e308c3f3-1266-4eb1-8e9c-9fbb9feb819c	VAFSNVF	0.750063775510201	0.621728139546659	VarScan2	VarScan2
e5d8e2ac-2936-456a-8065-c1a9f673857e	MicroSEC	0.699519230769232	0.67737942004561	MuSE	MuSE
e5d8e2ac-2936-456a-8065-c1a9f673857e	MOBSNVF	0.528846153846158	0.582015833116088	MuSE	MuSE
e5d8e2ac-2936-456a-8065-c1a9f673857e	SOBDetector	0.51919191919192	0.477320314564678	MuSE	MuSE
e5d8e2ac-2936-456a-8065-c1a9f673857e	VAFSNVF	0.483173076923072	0.497457642098016	MuSE	MuSE
e7d27f03-63c4-4a02-ae8f-b1931578e9cc	MicroSEC	0.518000000000005	0.11965082968272	VarScan2	VarScan2
e7d27f03-63c4-4a02-ae8f-b1931578e9cc	MOBSNVF	0.85014369830366	0.408868309993452	VarScan2	VarScan2
e7d27f03-63c4-4a02-ae8f-b1931578e9cc	SOBDetector	0.792636331922035	0.193584421627049	VarScan2	VarScan2
e7d27f03-63c4-4a02-ae8f-b1931578e9cc	VAFSNVF	0.740543848107354	0.319812973520483	VarScan2	VarScan2
e8e0258f-0688-44a9-a06d-ee9d9e6dcccb	MicroSEC	0.634399544622404	0.705512447710751	VarScan2	VarScan2
e8e0258f-0688-44a9-a06d-ee9d9e6dcccb	MOBSNVF	0.742858432507435	0.768017119888749	VarScan2	VarScan2
e8e0258f-0688-44a9-a06d-ee9d9e6dcccb	SOBDetector	0.722814843770191	0.612138091412374	VarScan2	VarScan2
e8e0258f-0688-44a9-a06d-ee9d9e6dcccb	VAFSNVF	0.700612583891753	0.676795954647614	VarScan2	VarScan2
e8ec4d1f-465c-4e14-b00e-3058a9257f42	MicroSEC	0.593137254901961	0.648850915805717	MuTect2	MuTect2
e8ec4d1f-465c-4e14-b00e-3058a9257f42	MOBSNVF	0.900807381776237	0.922408220231853	MuTect2	MuTect2
e8ec4d1f-465c-4e14-b00e-3058a9257f42	SOBDetector	0.773151981076286	0.796373591419876	MuTect2	MuTect2
e8ec4d1f-465c-4e14-b00e-3058a9257f42	VAFSNVF	0.506343713956171	0.588233987905998	MuTect2	MuTect2
e9921eb4-e29c-4ede-a351-1364ae672bee	MicroSEC	0.653846153846154	0.684210526315801	MuSE	MuSE
e9921eb4-e29c-4ede-a351-1364ae672bee	MOBSNVF	0.844277673545966	0.848799474405874	MuSE	MuSE
e9921eb4-e29c-4ede-a351-1364ae672bee	SOBDetector	0.825766338924234	0.792441664528614	MuSE	MuSE
e9921eb4-e29c-4ede-a351-1364ae672bee	VAFSNVF	0.800187617260788	0.868630321247253	MuSE	MuSE
e9f98455-0ea2-473a-9a13-fe80e2d6d3b5	MicroSEC	0.805353994303543	0.349845412821871	MuTect2	MuTect2
e9f98455-0ea2-473a-9a13-fe80e2d6d3b5	MOBSNVF	0.679003880117739	0.248333709635179	MuTect2	MuTect2
e9f98455-0ea2-473a-9a13-fe80e2d6d3b5	SOBDetector	0.944020496601267	0.696107183481955	MuTect2	MuTect2
e9f98455-0ea2-473a-9a13-fe80e2d6d3b5	VAFSNVF	0.768213138881451	0.38058700472778	MuTect2	MuTect2
ec912425-07be-46b0-9137-4765c0a5494c	MicroSEC	0.517599709304616	0.171524087752253	SomaticSniper	SomaticSniper
ec912425-07be-46b0-9137-4765c0a5494c	MOBSNVF	0.857572483342337	0.604675039191077	SomaticSniper	SomaticSniper
ec912425-07be-46b0-9137-4765c0a5494c	SOBDetector	0.781969901393655	0.521767236809536	SomaticSniper	SomaticSniper
ec912425-07be-46b0-9137-4765c0a5494c	VAFSNVF	0.489771294795605	0.184190182875456	SomaticSniper	SomaticSniper
ecd7e28e-47b3-4806-8c70-4b014350b287	MicroSEC	0.606276501787069	0.104071723172393	SomaticSniper	SomaticSniper
ecd7e28e-47b3-4806-8c70-4b014350b287	MOBSNVF	0.734979178917189	0.268527150685461	SomaticSniper	SomaticSniper
ecd7e28e-47b3-4806-8c70-4b014350b287	SOBDetector	0.711050015785677	0.170462276364896	SomaticSniper	SomaticSniper
ecd7e28e-47b3-4806-8c70-4b014350b287	VAFSNVF	0.364935058767626	0.0630119378865491	SomaticSniper	SomaticSniper
ed0f33c6-4e34-414b-8e0d-4c7aba4ae6c0	MicroSEC	0.546191970310398	0.0442284346993855	SomaticSniper	SomaticSniper
ed0f33c6-4e34-414b-8e0d-4c7aba4ae6c0	MOBSNVF	0.855987547921193	0.175003912763575	SomaticSniper	SomaticSniper
ed0f33c6-4e34-414b-8e0d-4c7aba4ae6c0	SOBDetector	0.796221098024363	0.11683261634278	SomaticSniper	SomaticSniper
ed0f33c6-4e34-414b-8e0d-4c7aba4ae6c0	VAFSNVF	0.455844615849518	0.0371024301507395	SomaticSniper	SomaticSniper
ee3d686e-fca9-48ad-9fd3-1dd6e1f99f28	MicroSEC	0.477678571428571	0.842654548971816	MuTect2	MuTect2
ee3d686e-fca9-48ad-9fd3-1dd6e1f99f28	MOBSNVF	0.839285714285724	0.956167006612216	MuTect2	MuTect2
ee3d686e-fca9-48ad-9fd3-1dd6e1f99f28	SOBDetector	0.648059475806452	0.891394698680917	MuTect2	MuTect2
ee3d686e-fca9-48ad-9fd3-1dd6e1f99f28	VAFSNVF	0.711607142857142	0.923735106547671	MuTect2	MuTect2
ee96399c-a40e-4a50-adca-70ec60d7e1e4	MicroSEC	0.819433198380565	0.298123288330349	MuTect2	MuTect2
ee96399c-a40e-4a50-adca-70ec60d7e1e4	MOBSNVF	0.747773279352225	0.235516784968799	MuTect2	MuTect2
ee96399c-a40e-4a50-adca-70ec60d7e1e4	SOBDetector	0.889658489658491	0.339202876549115	MuTect2	MuTect2
ee96399c-a40e-4a50-adca-70ec60d7e1e4	VAFSNVF	0.706072874493926	0.170765466569972	MuTect2	MuTect2
f06ada10-2055-4816-8317-6b113a057dd1	MicroSEC	0.600409138602466	0.144166434287598	SomaticSniper	SomaticSniper
f06ada10-2055-4816-8317-6b113a057dd1	MOBSNVF	0.85243457796063	0.468088474288568	SomaticSniper	SomaticSniper
f06ada10-2055-4816-8317-6b113a057dd1	SOBDetector	0.805544450030867	0.347565710498904	SomaticSniper	SomaticSniper
f06ada10-2055-4816-8317-6b113a057dd1	VAFSNVF	0.36338241248609	0.0906977372814855	SomaticSniper	SomaticSniper
f1d986df-92de-4a1e-9af0-44e697f0c715	MicroSEC	0.728065648224608	0.231094729612221	MuTect2	MuTect2
f1d986df-92de-4a1e-9af0-44e697f0c715	MOBSNVF	0.743746262706796	0.31844230792173	MuTect2	MuTect2
f1d986df-92de-4a1e-9af0-44e697f0c715	SOBDetector	0.855198506616892	0.278704309541432	MuTect2	MuTect2
f1d986df-92de-4a1e-9af0-44e697f0c715	VAFSNVF	0.780571058401429	0.349981235529591	MuTect2	MuTect2
f2e266a9-a4e9-40d2-96ed-4465792924ce	MicroSEC	0.641036184210526	0.71855905666777	VarScan2	VarScan2
f2e266a9-a4e9-40d2-96ed-4465792924ce	MOBSNVF	0.654761904761904	0.731387864795421	VarScan2	VarScan2
f2e266a9-a4e9-40d2-96ed-4465792924ce	SOBDetector	0.588789942378208	0.70222599686743	VarScan2	VarScan2
f2e266a9-a4e9-40d2-96ed-4465792924ce	VAFSNVF	0.709239130434784	0.818287470216582	VarScan2	VarScan2
f34f46ca-c20e-4572-b624-84584fad2dd7	MicroSEC	0.520545407388186	0.195899214861625	SomaticSniper	SomaticSniper
f34f46ca-c20e-4572-b624-84584fad2dd7	MOBSNVF	0.792955214987454	0.491986507244969	SomaticSniper	SomaticSniper
f34f46ca-c20e-4572-b624-84584fad2dd7	SOBDetector	0.709803317788661	0.363985022434279	SomaticSniper	SomaticSniper
f34f46ca-c20e-4572-b624-84584fad2dd7	VAFSNVF	0.555388352720793	0.213479607323413	SomaticSniper	SomaticSniper
f3553ba8-ea7b-4741-a94c-db5a2302041d	MicroSEC	0.557622952992516	0.236108567657977	SomaticSniper	SomaticSniper
f3553ba8-ea7b-4741-a94c-db5a2302041d	MOBSNVF	0.870781942163156	0.657368571454309	SomaticSniper	SomaticSniper
f3553ba8-ea7b-4741-a94c-db5a2302041d	SOBDetector	0.797790071030304	0.56561584721574	SomaticSniper	SomaticSniper
f3553ba8-ea7b-4741-a94c-db5a2302041d	VAFSNVF	0.393253695684635	0.191661278679691	SomaticSniper	SomaticSniper
f385c106-52ee-46fa-9a39-3ebdb9474ca7	MicroSEC	0.81196581196581	0.578664429817392	MuSE	MuSE
f385c106-52ee-46fa-9a39-3ebdb9474ca7	MOBSNVF	0.549145299145296	0.309799954616365	MuSE	MuSE
f385c106-52ee-46fa-9a39-3ebdb9474ca7	SOBDetector	0.938321995464853	0.675240061527693	MuSE	MuSE
f385c106-52ee-46fa-9a39-3ebdb9474ca7	VAFSNVF	0.856837606837621	0.735357609192372	MuSE	MuSE
f55b2156-dbed-4210-86d3-1623ccb12a50	MicroSEC	0.573560862591339	0.776071286670267	MuTect2	MuTect2
f55b2156-dbed-4210-86d3-1623ccb12a50	MOBSNVF	0.890160484083137	0.934860534012179	MuTect2	MuTect2
f55b2156-dbed-4210-86d3-1623ccb12a50	SOBDetector	0.626166182142924	0.685819188710745	MuTect2	MuTect2
f55b2156-dbed-4210-86d3-1623ccb12a50	VAFSNVF	0.886564939051126	0.909083999888022	MuTect2	MuTect2
f6ffc6cb-f473-42ed-9e67-a991654915b0	MicroSEC	0.731726907630525	0.104818402561375	MuTect2	MuTect2
f6ffc6cb-f473-42ed-9e67-a991654915b0	MOBSNVF	0.669477911646588	0.0882527195821367	MuTect2	MuTect2
f6ffc6cb-f473-42ed-9e67-a991654915b0	SOBDetector	0.897606458582066	0.164382739272202	MuTect2	MuTect2
f6ffc6cb-f473-42ed-9e67-a991654915b0	VAFSNVF	0.816666666666667	0.144036379097448	MuTect2	MuTect2
f73db8f5-29a8-4e38-ada8-c47f7a5a0568	MicroSEC	0.521188636971635	0.0763202247275661	SomaticSniper	SomaticSniper
f73db8f5-29a8-4e38-ada8-c47f7a5a0568	MOBSNVF	0.775324716957318	0.342292143123871	SomaticSniper	SomaticSniper
f73db8f5-29a8-4e38-ada8-c47f7a5a0568	SOBDetector	0.685138870556952	0.225673374136217	SomaticSniper	SomaticSniper
f73db8f5-29a8-4e38-ada8-c47f7a5a0568	VAFSNVF	0.48395573283744	0.0699123732925862	SomaticSniper	SomaticSniper
f8372559-21ee-43a1-98a4-eac9a531469c	MicroSEC	0.503727865796831	0.562474144060834	MuTect2	MuTect2
f8372559-21ee-43a1-98a4-eac9a531469c	MOBSNVF	0.809437386569883	0.891023466684101	MuTect2	MuTect2
f8372559-21ee-43a1-98a4-eac9a531469c	SOBDetector	0.699461722488038	0.789489957717926	MuTect2	MuTect2
f8372559-21ee-43a1-98a4-eac9a531469c	VAFSNVF	0.784029038112531	0.724281943401195	MuTect2	MuTect2
f8c1d85b-05bd-4f0c-a996-ceae32c805b1	MicroSEC	0.598415132924335	0.0915068873661788	VarScan2	VarScan2
f8c1d85b-05bd-4f0c-a996-ceae32c805b1	MOBSNVF	0.64228255404726	0.0920750371079958	VarScan2	VarScan2
f8c1d85b-05bd-4f0c-a996-ceae32c805b1	SOBDetector	0.624984977767096	0.07604695730835	VarScan2	VarScan2
f8c1d85b-05bd-4f0c-a996-ceae32c805b1	VAFSNVF	0.613499245852184	0.121672890012285	VarScan2	VarScan2
fa1ab129-afc2-4b71-92fe-0c9743052f66	MicroSEC	0.571428571428572	0.941044507553634	MuSE	MuSE
fa1ab129-afc2-4b71-92fe-0c9743052f66	MOBSNVF	0.583144368858653	0.942120871276652	MuSE	MuSE
fa1ab129-afc2-4b71-92fe-0c9743052f66	SOBDetector	0.671827794561934	0.916839344937101	MuSE	MuSE
fa1ab129-afc2-4b71-92fe-0c9743052f66	VAFSNVF	0.67006802721088	0.954069607986588	MuSE	MuSE
fe1d1217-b8cf-455b-a89c-d259e46f7e86	MicroSEC	0.597089947089947	0.753839018249536	VarScan2	VarScan2
fe1d1217-b8cf-455b-a89c-d259e46f7e86	MOBSNVF	0.795833333333324	0.831504319091851	VarScan2	VarScan2
fe1d1217-b8cf-455b-a89c-d259e46f7e86	SOBDetector	0.610282139212343	0.798524098684456	VarScan2	VarScan2
fe1d1217-b8cf-455b-a89c-d259e46f7e86	VAFSNVF	0.680468749999999	0.773854723569373	VarScan2	VarScan2
ff173879-8fbb-4f7b-848d-a77048b640c1	MicroSEC	0.568818571808211	0.202718612899384	VarScan2	VarScan2
ff173879-8fbb-4f7b-848d-a77048b640c1	MOBSNVF	0.846613242071022	0.453205627525958	VarScan2	VarScan2
ff173879-8fbb-4f7b-848d-a77048b640c1	SOBDetector	0.760634784444295	0.20316693988277	VarScan2	VarScan2
ff173879-8fbb-4f7b-848d-a77048b640c1	VAFSNVF	0.754701477365139	0.417995398065923	VarScan2	VarScan2
