sample_name	chrom	pos	ref	alt	variant_id	ground_truth	score_ffpolish	score_vafsnvf	score_gatk_obmm	score_mobsnvf	score_sobdetector
Pat01_Meta_FFPE_ERR791893	chr2	208248484	C	T	chr2_208248484_C_T	false	0.0	0.00892525	0.0	0.0	-1.0
Pat01_Meta_FFPE_ERR791893	chr3	10142126	C	T	chr3_10142126_C_T	false	0.0	0.0192913	0.0	0.0	-1.0
Pat01_Meta_FFPE_ERR791893	chr3	10142214	C	T	chr3_10142214_C_T	false	0.0	0.0185728	0.0	0.0	-1.0
Pat01_Meta_FFPE_ERR791893	chr3	10142230	C	T	chr3_10142230_C_T	false	0.0	0.0081248	0.0	-1.63075e-6	-1.0
Pat01_Meta_FFPE_ERR791893	chr3	37025789	G	A	chr3_37025789_G_A	true	0.0	0.0010988	0.0	-1.58762e-13	-1.0
Pat01_Meta_FFPE_ERR791893	chr3	41224646	C	T	chr3_41224646_C_T	false	0.0	0.00366911	0.0	-0.109088	-1.0
Pat01_Meta_FFPE_ERR791893	chr5	112840070	C	T	chr5_112840070_C_T	false	0.0	0.00150919	0.0	-3.88811e-12	-0.434
Pat01_Meta_FFPE_ERR791893	chr7	55191927	C	T	chr7_55191927_C_T	false	0.0	0.00594937	0.0	-5.83401e-7	-1.0
Pat01_Meta_FFPE_ERR791893	chr7	55191934	C	T	chr7_55191934_C_T	false	0.0	0.00595163	0.0	-3.21477e-7	-1.0
Pat01_Meta_FFPE_ERR791893	chr7	116771951	C	T	chr7_116771951_C_T	false	0.0	0.00786241	0.0	-3.95936e-11	-1.0
Pat01_Meta_FFPE_ERR791893	chr9	33675792	G	A	chr9_33675792_G_A	false	0.0	0.0210822	0.0	0.0	-1.0
Pat01_Meta_FFPE_ERR791893	chr9	77721529	C	T	chr9_77721529_C_T	false	0.0	0.00882446	0.0	-8.88178e-15	-1.0
Pat01_Meta_FFPE_ERR791893	chr9	77721532	G	A	chr9_77721532_G_A	false	0.0	0.00158178	0.0	-3.8769e-13	-1.0
Pat01_Meta_FFPE_ERR791893	chr9	136504945	C	T	chr9_136504945_C_T	false	0.0	0.00281994	0.0	-0.624147	-1.0
Pat01_Meta_FFPE_ERR791893	chr9	136504957	C	T	chr9_136504957_C_T	false	0.0	0.00761218	0.0	0.0	-1.0
Pat01_Meta_FFPE_ERR791893	chr11	108249180	C	T	chr11_108249180_C_T	false	0.0	0.00427822	0.0	-0.00716753	-1.0
Pat01_Meta_FFPE_ERR791893	chr11	108301696	C	T	chr11_108301696_C_T	false	0.0	0.0131904	0.0	-2.39697e-13	-1.0
Pat01_Meta_FFPE_ERR791893	chr11	108301792	C	T	chr11_108301792_C_T	false	0.0	0.0256093	0.0	0.0	-1.0
Pat01_Meta_FFPE_ERR791893	chr12	25225711	C	T	chr12_25225711_C_T	false	0.0	0.00524109	0.0	-0.0113574	-1.0
Pat01_Meta_FFPE_ERR791893	chr12	25225730	C	T	chr12_25225730_C_T	false	0.0	0.0108658	0.0	-5.4273e-11	-1.0
Pat01_Meta_FFPE_ERR791893	chr12	25227401	C	T	chr12_25227401_C_T	false	0.0	0.0174672	0.0	-5.29354e-13	-1.0
Pat01_Meta_FFPE_ERR791893	chr12	25227413	C	T	chr12_25227413_C_T	false	0.0	0.0145985	0.0	-9.78559e-10	-1.0
Pat01_Meta_FFPE_ERR791893	chr16	68801717	C	T	chr16_68801717_C_T	false	0.0	0.000593384	0.0	-1.0	-1.0
Pat01_Meta_FFPE_ERR791893	chr16	68812233	C	T	chr16_68812233_C_T	false	0.0	0.0135355	0.0	0.0	-1.0
Pat01_Meta_FFPE_ERR791893	chr18	49980042	C	T	chr18_49980042_C_T	false	0.902008211110595	1.0	1.0	0.0	-1.0
Pat01_Meta_FFPE_ERR791893	chr19	3115104	G	A	chr19_3115104_G_A	false	0.0	0.00215877	0.0	0.0	-1.0
Pat01_Meta_FFPE_ERR791893	chr19	3121241	G	A	chr19_3121241_G_A	false	0.0	0.00561466	0.0	0.0	-1.0
Pat01_Meta_FFPE_ERR791893	chr19	3121262	C	T	chr19_3121262_C_T	false	0.0	0.00708592	0.0	-0.0000331171	-1.0
Pat01_Meta_FFPE_ERR791893	chr19	17837289	C	T	chr19_17837289_C_T	false	0.0	0.00530846	0.0	-0.0000738001	-1.0
Pat01_Meta_FFPE_ERR791893	chr22	16572103	C	T	chr22_16572103_C_T	false	0.0	0.0112439	0.0	-1.18253e-11	-1.0
Pat01_Meta_FFPE_ERR791893	chr22	23791806	C	T	chr22_23791806_C_T	false	0.0	0.0172472	0.0	0.0	-1.0
Pat01_Meta_FFPE_ERR791893	chr22	23791859	C	T	chr22_23791859_C_T	false	0.0	0.00266312	0.0	-0.889717	-1.0
Pat01_Meta_FFPE_ERR791893	chr22	23801073	C	T	chr22_23801073_C_T	false	0.0	0.00874718	0.0	-3.77476e-15	-1.0
Pat01_Meta_FFPE_ERR791893	chr22	23801158	C	T	chr22_23801158_C_T	false	0.0	0.00554654	0.0	-0.000015741	-1.0
Pat03_Meta_FFPE_ERR791895	chr2	211424253	C	T	chr2_211424253_C_T	false	0.0	0.0181548	0.0	0.0	-1.0
Pat03_Meta_FFPE_ERR791895	chr2	211788088	C	T	chr2_211788088_C_T	false	0.0	0.0145257	0.0	0.0	-1.0
Pat03_Meta_FFPE_ERR791895	chr3	10142213	C	T	chr3_10142213_C_T	false	0.0	0.0142971	0.0	-1.10999e-8	-1.0
Pat03_Meta_FFPE_ERR791895	chr3	179203780	C	T	chr3_179203780_C_T	false	0.0	0.0120684	0.0	-1.06581e-14	-1.0
Pat03_Meta_FFPE_ERR791895	chr3	179234334	C	T	chr3_179234334_C_T	false	0.0	0.00217391	0.0	-2.22045e-16	-1.0
Pat03_Meta_FFPE_ERR791895	chr4	54274936	C	T	chr4_54274936_C_T	false	0.0	0.00895255	0.0	-4.01124e-12	-1.0
Pat03_Meta_FFPE_ERR791895	chr4	55094898	G	A	chr4_55094898_G_A	false	0.0	0.01	0.0	0.0	-1.0
Pat03_Meta_FFPE_ERR791895	chr5	112838331	C	T	chr5_112838331_C_T	false	0.0	0.0105879	0.0	0.0	-1.0
Pat03_Meta_FFPE_ERR791895	chr5	112838341	C	T	chr5_112838341_C_T	false	0.0	0.0107053	0.0	-1.16862e-12	-1.0
Pat03_Meta_FFPE_ERR791895	chr5	112839382	G	A	chr5_112839382_G_A	false	0.0	0.043202	0.0	0.0	-1.0
Pat03_Meta_FFPE_ERR791895	chr7	55154130	C	T	chr7_55154130_C_T	false	0.0	0.00247652	0.0	-0.939329	-1.0
Pat03_Meta_FFPE_ERR791895	chr7	55154150	C	T	chr7_55154150_C_T	false	0.0	0.00362349	0.0	-0.0118791	-1.0
Pat03_Meta_FFPE_ERR791895	chr7	55174051	C	T	chr7_55174051_C_T	false	0.0	0.00636537	0.0	-7.04818e-8	-1.0
Pat03_Meta_FFPE_ERR791895	chr7	55174053	C	T	chr7_55174053_C_T	false	0.0	0.00348708	0.0	-0.0814821	-1.0
Pat03_Meta_FFPE_ERR791895	chr7	55174059	C	T	chr7_55174059_C_T	false	0.0	0.00250823	0.0	-0.800581	-1.0
Pat03_Meta_FFPE_ERR791895	chr7	55181473	G	A	chr7_55181473_G_A	false	0.0	0.00174927	0.0	-1.0	-1.0
Pat03_Meta_FFPE_ERR791895	chr7	66505294	C	T	chr7_66505294_C_T	false	0.0	0.0306748	0.0	-0.0000477575	-1.0
Pat03_Meta_FFPE_ERR791895	chr7	129205372	C	T	chr7_129205372_C_T	false	0.0	0.00418264	0.0	-0.0138322	-1.0
Pat03_Meta_FFPE_ERR791895	chr7	129205376	C	T	chr7_129205376_C_T	false	0.0	0.00601581	0.0	-1.97681e-6	-1.0
Pat03_Meta_FFPE_ERR791895	chr7	129210504	C	T	chr7_129210504_C_T	false	0.0	0.0031339	0.0	-0.36454	-1.0
Pat03_Meta_FFPE_ERR791895	chr7	129210597	C	T	chr7_129210597_C_T	false	0.0	0.0121698	0.0	0.0	-1.0
Pat03_Meta_FFPE_ERR791895	chr7	129210604	C	T	chr7_129210604_C_T	false	0.0	0.00613318	0.0	-1.87359e-7	-1.0
Pat03_Meta_FFPE_ERR791895	chr7	129211833	C	T	chr7_129211833_C_T	false	0.0	0.0254934	0.0	0.0	-1.0
Pat03_Meta_FFPE_ERR791895	chr8	38428525	C	T	chr8_38428525_C_T	false	0.0	0.00681875	0.0	-2.0851e-11	-1.0
Pat03_Meta_FFPE_ERR791895	chr8	38428528	C	T	chr8_38428528_C_T	false	0.0	0.0027248	0.0	-0.517422	-1.0
Pat03_Meta_FFPE_ERR791895	chr8	38428529	C	T	chr8_38428529_C_T	false	0.0	0.00446152	0.0	-0.000510757	-1.0
Pat03_Meta_FFPE_ERR791895	chr9	5073813	C	T	chr9_5073813_C_T	false	0.0	0.00986717	0.0	-3.47464e-9	-1.0
Pat03_Meta_FFPE_ERR791895	chr9	130874985	C	T	chr9_130874985_C_T	false	0.0	0.00636862	0.0	-3.10477e-9	-1.0
Pat03_Meta_FFPE_ERR791895	chr10	43113688	C	T	chr10_43113688_C_T	false	0.0	0.00892459	0.0	-1.23448e-11	-1.0
Pat03_Meta_FFPE_ERR791895	chr10	43113692	C	T	chr10_43113692_C_T	false	0.0	0.0107023	0.0	-1.11022e-16	-1.0
Pat03_Meta_FFPE_ERR791895	chr10	43113706	C	T	chr10_43113706_C_T	false	0.0	0.00818041	0.0	-4.58987e-10	-1.0
Pat03_Meta_FFPE_ERR791895	chr10	43114567	G	A	chr10_43114567_G_A	false	0.0	0.00225755	0.0	-1.0	-1.0
Pat03_Meta_FFPE_ERR791895	chr10	87925597	C	T	chr10_87925597_C_T	false	0.0	0.0279923	0.0	0.0	-1.0
Pat03_Meta_FFPE_ERR791895	chr10	87957956	G	A	chr10_87957956_G_A	false	0.0	0.0286248	0.0	0.0	-1.0
Pat03_Meta_FFPE_ERR791895	chr10	121515344	G	A	chr10_121515344_G_A	false	0.0	0.00333731	0.0	0.0	-1.0
Pat03_Meta_FFPE_ERR791895	chr11	108302925	C	T	chr11_108302925_C_T	false	0.0	0.02267	0.0	0.0	-1.0
Pat03_Meta_FFPE_ERR791895	chr12	25227345	C	T	chr12_25227345_C_T	false	0.0	0.0229008	0.0	0.0	-1.0
Pat03_Meta_FFPE_ERR791895	chr12	25245354	C	T	chr12_25245354_C_T	false	0.0	0.0130924	0.0	0.0	-1.0
Pat03_Meta_FFPE_ERR791895	chr13	48453081	C	T	chr13_48453081_C_T	false	0.0	0.0210943	0.0	0.0	-1.0
Pat03_Meta_FFPE_ERR791895	chr16	68812331	C	T	chr16_68812331_C_T	false	0.0	0.0227725	0.0	0.0	-1.0
Pat03_Meta_FFPE_ERR791895	chr17	7676047	C	T	chr17_7676047_C_T	false	0.0	0.00400962	0.0	-0.146308	-1.0
Pat03_Meta_FFPE_ERR791895	chr17	7676057	C	T	chr17_7676057_C_T	false	0.0	0.00806452	0.0	-0.0000184145	-1.0
Pat03_Meta_FFPE_ERR791895	chr17	7676661	C	T	chr17_7676661_C_T	false	0.0	0.0102056	0.0	0.0	-1.0
Pat03_Meta_FFPE_ERR791895	chr19	1220520	G	A	chr19_1220520_G_A	false	0.0	0.00481314	0.0	0.0	-1.0
Pat03_Meta_FFPE_ERR791895	chr19	1223141	C	T	chr19_1223141_C_T	false	0.0	0.0050702	0.0	-0.000621145	-1.0
Pat03_Meta_FFPE_ERR791895	chr19	31758839	C	T	chr19_31758839_C_T	false	0.0	0.826087	0.0	0.0	-1.0
Pat03_Meta_FFPE_ERR791895	chr22	16574664	C	T	chr22_16574664_C_T	false	0.0	0.0017138	0.0	-1.0	-1.0
Pat03_Meta_FFPE_ERR791895	chr22	44929362	C	T	chr22_44929362_C_T	false	0.986036461883645	1.0	1.0	0.0	-1.0
Pat04_Meta_FFPE_ERR791896	chr1	114716167	C	T	chr1_114716167_C_T	false	0.0	0.00845937	0.0	-8.13321e-11	-1.0
Pat04_Meta_FFPE_ERR791896	chr2	29220921	C	T	chr2_29220921_C_T	false	0.0	0.00575461	0.0	-1.24553e-10	-1.0
Pat04_Meta_FFPE_ERR791896	chr3	10142154	C	T	chr3_10142154_C_T	false	0.0	0.0128079	0.0	-4.45574e-7	-1.0
Pat04_Meta_FFPE_ERR791896	chr3	10142202	C	T	chr3_10142202_C_T	false	0.0	0.0212766	0.0	-1.18927e-12	-1.0
Pat04_Meta_FFPE_ERR791896	chr3	179218294	G	A	chr3_179218294_G_A	false	0.0	0.132107	0.0	0.0	-1.0
Pat04_Meta_FFPE_ERR791896	chr3	179218370	C	T	chr3_179218370_C_T	false	0.0	0.00283956	0.0	-0.290074	-1.0
Pat04_Meta_FFPE_ERR791896	chr3	179221125	C	T	chr3_179221125_C_T	false	0.0	0.00854888	0.0	-3.3884e-13	-1.0
Pat04_Meta_FFPE_ERR791896	chr3	179221146	G	A	chr3_179221146_G_A	false	0.0	0.133741	0.0	0.0	-1.0
Pat04_Meta_FFPE_ERR791896	chr4	1806596	C	T	chr4_1806596_C_T	false	0.0	0.015444	0.0	-2.01796e-7	-1.0
Pat04_Meta_FFPE_ERR791896	chr4	54727297	G	A	chr4_54727297_G_A	false	0.0	0.00334604	1.0	0.0	0.0
Pat04_Meta_FFPE_ERR791896	chr4	55088958	C	T	chr4_55088958_C_T	false	0.0	0.00108094	0.0	-1.0	-1.0
Pat04_Meta_FFPE_ERR791896	chr4	152328225	C	T	chr4_152328225_C_T	false	0.0	0.0131255	0.0	-1.09081e-8	-1.0
Pat04_Meta_FFPE_ERR791896	chr5	112839538	C	T	chr5_112839538_C_T	false	0.0	0.0022605	1.0	-6.66697e-11	-0.4706
Pat04_Meta_FFPE_ERR791896	chr5	150054123	C	T	chr5_150054123_C_T	false	0.0	0.00529634	0.0	-0.000194102	-1.0
Pat04_Meta_FFPE_ERR791896	chr5	150073570	C	T	chr5_150073570_C_T	false	0.0	0.00310416	0.0	-0.0401417	-1.0
Pat04_Meta_FFPE_ERR791896	chr7	66505143	G	A	chr7_66505143_G_A	false	0.0	0.25	0.0	-1.90338e-8	-1.0
Pat04_Meta_FFPE_ERR791896	chr7	116771984	C	T	chr7_116771984_C_T	false	0.0	0.00227583	0.0	-0.656199	-1.0
Pat04_Meta_FFPE_ERR791896	chr7	116771998	C	T	chr7_116771998_C_T	false	0.0	0.00562652	0.0	-1.29846e-7	-1.0
Pat04_Meta_FFPE_ERR791896	chr9	77721442	C	T	chr9_77721442_C_T	false	0.0	0.00178412	0.0	-1.0	-1.0
Pat04_Meta_FFPE_ERR791896	chr9	77797554	C	T	chr9_77797554_C_T	false	0.0	0.0169082	0.0	0.0	-1.0
Pat04_Meta_FFPE_ERR791896	chr9	130873012	C	T	chr9_130873012_C_T	false	0.0	0.00447154	0.0	-0.0000672907	-1.0
Pat04_Meta_FFPE_ERR791896	chr9	130873033	C	T	chr9_130873033_C_T	false	0.0	0.00487475	0.0	-6.89412e-6	-1.0
Pat04_Meta_FFPE_ERR791896	chr10	43120214	C	T	chr10_43120214_C_T	false	0.0	0.00283854	0.0	-0.274576	-1.0
Pat04_Meta_FFPE_ERR791896	chr11	533873	C	T	chr11_533873_C_T	false	0.0	0.00276328	0.0	-0.266107	-1.0
Pat04_Meta_FFPE_ERR791896	chr11	533883	G	A	chr11_533883_G_A	false	0.0	0.00168841	0.0	-1.49212e-11	-1.0
Pat04_Meta_FFPE_ERR791896	chr11	108299833	C	T	chr11_108299833_C_T	false	0.0	0.00689139	0.0	-5.04174e-12	-1.0
Pat04_Meta_FFPE_ERR791896	chr11	108299840	C	T	chr11_108299840_C_T	false	0.0	0.00692458	0.0	-3.97149e-12	-1.0
Pat04_Meta_FFPE_ERR791896	chr13	28036001	G	A	chr13_28036001_G_A	false	0.0	0.0184758	0.0	-1.25984e-10	-1.0
Pat04_Meta_FFPE_ERR791896	chr13	28036004	G	A	chr13_28036004_G_A	false	0.0	0.0207612	0.0	-2.30271e-12	-1.0
Pat04_Meta_FFPE_ERR791896	chr13	48465057	C	T	chr13_48465057_C_T	false	0.0	0.00183279	0.0	-1.0	-1.0
Pat04_Meta_FFPE_ERR791896	chr14	104780203	C	T	chr14_104780203_C_T	false	0.0	0.0037233	0.0	-0.0171809	-1.0
Pat04_Meta_FFPE_ERR791896	chr18	51067107	C	T	chr18_51067107_C_T	false	0.0	0.0049151	0.0	-9.72118e-6	-1.0
Pat04_Meta_FFPE_ERR791896	chr18	51067115	C	T	chr18_51067115_C_T	false	0.0	0.00655542	0.0	-6.9411e-11	-1.0
Pat08_Meta_FFPE_ERR791901	chr1	114713947	C	T	chr1_114713947_C_T	false	0.0	0.0293255	0.0	-7.63464e-10	-1.0
Pat08_Meta_FFPE_ERR791901	chr2	131424122	C	T	chr2_131424122_C_T	false	0.0	0.00555474	0.0	0.0	-1.0
Pat08_Meta_FFPE_ERR791901	chr3	10142230	C	T	chr3_10142230_C_T	false	0.0	0.0205011	0.0	-2.14521e-7	-1.0
Pat08_Meta_FFPE_ERR791901	chr3	10146626	C	T	chr3_10146626_C_T	false	0.0	0.00613968	0.0	-0.0000239472	-1.0
Pat08_Meta_FFPE_ERR791901	chr4	55079992	G	A	chr4_55079992_G_A	false	0.0	0.00540233	0.0	-0.0000380174	-1.0
Pat08_Meta_FFPE_ERR791901	chr7	55174817	C	T	chr7_55174817_C_T	false	0.0	0.00760992	0.0	-5.37102e-10	-1.0
Pat08_Meta_FFPE_ERR791901	chr7	129211751	C	T	chr7_129211751_C_T	false	0.0	0.0245614	0.0	-5.91904e-12	-1.0
Pat08_Meta_FFPE_ERR791901	chr8	38428506	C	T	chr8_38428506_C_T	false	0.0	0.00415734	0.0	-0.00886202	-1.0
Pat08_Meta_FFPE_ERR791901	chr10	87957764	C	T	chr10_87957764_C_T	false	0.0	0.0277778	0.0	-9.97152e-10	-1.0
Pat08_Meta_FFPE_ERR791901	chr11	108310231	C	T	chr11_108310231_C_T	false	0.0	0.0134529	0.0	-6.02502e-11	-1.0
Pat08_Meta_FFPE_ERR791901	chr12	25227428	C	T	chr12_25227428_C_T	false	0.0	0.0183655	0.0	-1.66533e-14	-1.0
Pat08_Meta_FFPE_ERR791901	chr13	48453020	C	T	chr13_48453020_C_T	false	0.0	0.0152542	0.0	-1.26987e-6	-1.0
Pat08_Meta_FFPE_ERR791901	chr13	48453050	C	T	chr13_48453050_C_T	false	0.0	0.0236088	0.0	-4.20808e-12	-1.0
Pat08_Meta_FFPE_ERR791901	chr13	48453069	C	T	chr13_48453069_C_T	false	0.0	0.0202361	0.0	-9.52565e-10	-1.0
Pat08_Meta_FFPE_ERR791901	chr19	1207022	C	T	chr19_1207022_C_T	false	0.0	0.0149864	0.0	-1.75641e-7	-1.0
Pat08_Meta_FFPE_ERR791901	chr19	1220520	G	A	chr19_1220520_G_A	false	0.0	0.00587495	0.0	0.0	-1.0
Pat09_Meta_FFPE_ERR791902	chr1	43349368	C	T	chr1_43349368_C_T	false	0.0	0.0136852	0.0	-6.10623e-15	-1.0
Pat09_Meta_FFPE_ERR791902	chr1	114716136	C	T	chr1_114716136_C_T	false	0.0	0.0280971	0.0	-1.08802e-14	-1.0
Pat09_Meta_FFPE_ERR791902	chr1	114716216	C	T	chr1_114716216_C_T	false	0.0	0.0278129	0.0	-9.21485e-15	-1.0
Pat09_Meta_FFPE_ERR791902	chr2	211424239	C	T	chr2_211424239_C_T	false	0.0	0.102564	0.0	-2.55351e-15	-1.0
Pat09_Meta_FFPE_ERR791902	chr3	41224584	C	T	chr3_41224584_C_T	false	0.0	0.0305153	0.0	0.0	-1.0
Pat09_Meta_FFPE_ERR791902	chr3	179199090	C	T	chr3_179199090_C_T	false	0.0	0.079646	0.0	0.0	-1.0
Pat09_Meta_FFPE_ERR791902	chr3	179199168	C	T	chr3_179199168_C_T	false	0.0	0.0695652	0.0	0.0	-1.0
Pat09_Meta_FFPE_ERR791902	chr3	179210155	G	A	chr3_179210155_G_A	false	0.0	0.0163934	0.0	0.0	-1.0
Pat09_Meta_FFPE_ERR791902	chr3	179210238	C	T	chr3_179210238_C_T	false	0.0	0.0260989	0.0	-1.85973e-12	-1.0
Pat09_Meta_FFPE_ERR791902	chr3	179234327	G	A	chr3_179234327_G_A	false	0.0	0.0232313	0.0	-3.10196e-13	-1.0
Pat09_Meta_FFPE_ERR791902	chr4	152337929	C	T	chr4_152337929_C_T	false	0.0	0.0182815	0.0	-2.6846e-10	-1.0
Pat09_Meta_FFPE_ERR791902	chr4	152337941	C	T	chr4_152337941_C_T	false	0.0	0.0330275	0.0	0.0	-1.0
Pat09_Meta_FFPE_ERR791902	chr5	112838973	C	T	chr5_112838973_C_T	false	0.0	0.10917	0.0	0.0	-1.0
Pat09_Meta_FFPE_ERR791902	chr7	55154147	G	A	chr7_55154147_G_A	false	0.0	0.00183251	0.0	-2.16149e-12	-1.0
Pat09_Meta_FFPE_ERR791902	chr7	55154174	C	T	chr7_55154174_C_T	false	0.0	0.0083606	0.0	-2.78378e-9	-1.0
Pat09_Meta_FFPE_ERR791902	chr7	55174024	C	T	chr7_55174024_C_T	false	0.0	0.0260677	0.0	0.0	-1.0
Pat09_Meta_FFPE_ERR791902	chr7	55181437	G	A	chr7_55181437_G_A	false	0.0	0.00734035	0.0	-0.0000131762	-1.0
Pat09_Meta_FFPE_ERR791902	chr7	116771971	C	T	chr7_116771971_C_T	false	0.0	0.0257453	0.0	0.0	-1.0
Pat09_Meta_FFPE_ERR791902	chr7	129206651	C	T	chr7_129206651_C_T	false	0.0	0.0167264	0.0	-3.97257e-7	-1.0
Pat09_Meta_FFPE_ERR791902	chr7	140781655	C	T	chr7_140781655_C_T	false	0.0	0.0248528	0.0	0.0	-1.0
Pat09_Meta_FFPE_ERR791902	chr9	77728439	C	T	chr9_77728439_C_T	false	0.0	0.0181818	0.0	-6.8312e-13	-1.0
Pat09_Meta_FFPE_ERR791902	chr9	77797562	C	T	chr9_77797562_C_T	false	0.0	0.0242915	0.0	-2.19164e-11	-1.0
Pat09_Meta_FFPE_ERR791902	chr9	77797593	C	T	chr9_77797593_C_T	false	0.0	0.0348059	0.0	0.0	-1.0
Pat09_Meta_FFPE_ERR791902	chr9	77797600	C	T	chr9_77797600_C_T	false	0.0	0.0293725	0.0	-2.9976e-15	-1.0
Pat09_Meta_FFPE_ERR791902	chr10	87960934	C	T	chr10_87960934_C_T	false	0.0	0.0255319	0.0	-4.08466e-8	-1.0
Pat09_Meta_FFPE_ERR791902	chr11	108267337	C	T	chr11_108267337_C_T	false	0.0	0.229885	0.0	0.0	-1.0
Pat09_Meta_FFPE_ERR791902	chr11	108310237	C	T	chr11_108310237_C_T	false	0.0	0.0147601	0.0	-0.000292024	-1.0
Pat09_Meta_FFPE_ERR791902	chr11	108347362	C	T	chr11_108347362_C_T	false	0.0	0.157895	0.0	-8.89289e-14	-1.0
Pat09_Meta_FFPE_ERR791902	chr12	120994390	C	T	chr12_120994390_C_T	false	0.0	0.174603	0.0	0.0	-1.0
Pat09_Meta_FFPE_ERR791902	chr13	48459707	C	T	chr13_48459707_C_T	false	0.0	0.0322581	0.0	-9.35847e-11	-1.0
Pat09_Meta_FFPE_ERR791902	chr17	7674882	C	T	chr17_7674882_C_T	false	0.0	0.0186886	1.0	0.0	-0.4098
Pat09_Meta_FFPE_ERR791902	chr17	7675257	C	T	chr17_7675257_C_T	false	0.0	0.0192192	0.0	-4.44089e-16	-1.0
Pat09_Meta_FFPE_ERR791902	chr17	7675277	C	T	chr17_7675277_C_T	false	0.0	0.026506	0.0	0.0	-1.0
Pat09_Meta_FFPE_ERR791902	chr17	7676090	C	T	chr17_7676090_C_T	false	0.0	0.0314319	0.0	0.0	-1.0
Pat09_Meta_FFPE_ERR791902	chr18	51054916	C	T	chr18_51054916_C_T	false	0.0	0.0187166	0.0	0.0	-1.0
Pat09_Meta_FFPE_ERR791902	chr18	51054931	C	T	chr18_51054931_C_T	false	0.0	0.0184022	0.0	0.0	-1.0
Pat09_Meta_FFPE_ERR791902	chr18	51054933	C	T	chr18_51054933_C_T	false	0.0	0.015625	0.0	-6.88338e-15	-1.0
Pat09_Meta_FFPE_ERR791902	chr20	58909371	C	T	chr20_58909371_C_T	false	0.0	0.0127965	0.0	-3.55271e-14	-1.0
Pat10_Meta_FFPE_ERR791903	chr2	131424135	C	T	chr2_131424135_C_T	false	0.0	0.00223456	0.0	-0.0551383	-1.0
Pat10_Meta_FFPE_ERR791903	chr2	131424137	C	T	chr2_131424137_C_T	false	0.0	0.00472813	0.0	-1.66533e-15	-1.0
Pat10_Meta_FFPE_ERR791903	chr3	37025864	C	T	chr3_37025864_C_T	false	0.0	0.00415369	0.0	-0.000488228	-1.0
Pat10_Meta_FFPE_ERR791903	chr4	54731331	C	T	chr4_54731331_C_T	false	0.0	0.00473934	0.0	-0.0336219	-1.0
Pat10_Meta_FFPE_ERR791903	chr4	55080090	C	T	chr4_55080090_C_T	false	0.0	0.0028996	1.0	-1.70641e-13	-1.0
Pat10_Meta_FFPE_ERR791903	chr4	152328225	C	T	chr4_152328225_C_T	false	0.0	0.0276775	0.0	0.0	-1.0
Pat10_Meta_FFPE_ERR791903	chr5	112839474	C	T	chr5_112839474_C_T	true	0.000912815391198106	0.191225	1.0	0.0	-0.3863
Pat10_Meta_FFPE_ERR791903	chr5	112839567	G	A	chr5_112839567_G_A	false	0.0	0.00114356	0.0	-0.0261743	-0.625
Pat10_Meta_FFPE_ERR791903	chr5	112839942	C	T	chr5_112839942_C_T	false	0.0	0.114464	0.0	0.0	-0.9873
Pat10_Meta_FFPE_ERR791903	chr7	55181258	C	T	chr7_55181258_C_T	false	0.0	0.148294	0.0	0.0	-1.0
Pat10_Meta_FFPE_ERR791903	chr11	108301709	C	T	chr11_108301709_C_T	false	0.0	0.016129	0.0	0.0	-1.0
Pat10_Meta_FFPE_ERR791903	chr12	120994390	C	T	chr12_120994390_C_T	false	0.0	0.0961538	0.0	-1.85235e-8	-1.0
Pat11_Meta_FFPE_ERR791905	chr1	114716130	C	T	chr1_114716130_C_T	false	0.0	0.00401103	0.0	-0.00348884	-1.0
Pat11_Meta_FFPE_ERR791905	chr3	37025834	C	T	chr3_37025834_C_T	false	0.0	0.00416146	0.0	-9.10427e-7	-1.0
Pat11_Meta_FFPE_ERR791905	chr3	37025848	C	T	chr3_37025848_C_T	false	0.0	0.00434918	0.0	-1.23229e-7	-1.0
Pat11_Meta_FFPE_ERR791905	chr4	1806593	C	T	chr4_1806593_C_T	false	0.0	0.0155945	0.0	-7.99656e-6	-1.0
Pat11_Meta_FFPE_ERR791905	chr4	1807327	C	T	chr4_1807327_C_T	false	0.0	0.00331925	0.0	-0.00624462	-1.0
Pat11_Meta_FFPE_ERR791905	chr4	1807329	C	T	chr4_1807329_C_T	false	0.0	0.00331226	0.0	-0.00509674	-1.0
Pat11_Meta_FFPE_ERR791905	chr4	54278497	C	T	chr4_54278497_C_T	false	0.0	0.0279793	0.0	0.0	-1.0
Pat11_Meta_FFPE_ERR791905	chr4	152337846	C	T	chr4_152337846_C_T	false	0.0	0.00466684	0.0	-0.000257657	-1.0
Pat11_Meta_FFPE_ERR791905	chr5	112839980	G	A	chr5_112839980_G_A	false	0.0	0.00977566	0.0	0.0	-0.7647
Pat11_Meta_FFPE_ERR791905	chr5	150054155	C	T	chr5_150054155_C_T	false	0.0	0.00545809	0.0	-0.000302725	-1.0
Pat11_Meta_FFPE_ERR791905	chr7	66505063	G	A	chr7_66505063_G_A	false	0.0	0.5	0.0	-1.09912e-14	-1.0
Pat11_Meta_FFPE_ERR791905	chr7	129210593	C	T	chr7_129210593_C_T	false	0.0	0.00334448	0.0	-0.0136988	-1.0
Pat11_Meta_FFPE_ERR791905	chr7	140753335	C	T	chr7_140753335_C_T	false	0.0	0.0140269	0.0	0.0	-1.0
Pat11_Meta_FFPE_ERR791905	chr9	21971131	G	A	chr9_21971131_G_A	false	0.0	0.0517241	0.0	-8.95699e-8	-1.0
Pat11_Meta_FFPE_ERR791905	chr9	21971134	G	A	chr9_21971134_G_A	false	0.0	0.0677966	0.0	-7.19171e-11	-1.0
Pat11_Meta_FFPE_ERR791905	chr9	130863009	C	T	chr9_130863009_C_T	false	0.0	0.0209125	0.0	-1.11022e-16	-1.0
Pat11_Meta_FFPE_ERR791905	chr9	130863013	C	T	chr9_130863013_C_T	false	0.0	0.00954198	0.0	-0.0000234504	-1.0
Pat11_Meta_FFPE_ERR791905	chr10	87952166	C	T	chr10_87952166_C_T	false	0.0	0.0349176	0.0	0.0	-1.0
Pat11_Meta_FFPE_ERR791905	chr10	121498562	C	T	chr10_121498562_C_T	false	0.0	0.00440373	0.0	-0.0000414771	-1.0
Pat11_Meta_FFPE_ERR791905	chr11	108302942	C	T	chr11_108302942_C_T	false	0.0	0.0214797	0.0	-2.05391e-14	-1.0
Pat11_Meta_FFPE_ERR791905	chr11	108347380	C	T	chr11_108347380_C_T	false	0.0	0.023988	0.0	-1.04805e-13	-1.0
Pat11_Meta_FFPE_ERR791905	chr17	7670695	G	A	chr17_7670695_G_A	false	0.0	0.00287293	0.0	0.0	-1.0
Pat11_Meta_FFPE_ERR791905	chr17	7676145	G	A	chr17_7676145_G_A	false	0.0	0.00382003	0.0	-6.66134e-15	-1.0
Pat11_Meta_FFPE_ERR791905	chr19	1220490	C	T	chr19_1220490_C_T	false	0.0	0.0117647	0.0	-1.44933e-11	-1.0
Pat11_Meta_FFPE_ERR791905	chr19	1220502	C	T	chr19_1220502_C_T	false	0.0	0.00629291	0.0	-0.000374973	-1.0
Pat11_Meta_FFPE_ERR791905	chr19	17834976	G	A	chr19_17834976_G_A	false	0.0	0.00224811	0.0	-5.44009e-15	-1.0
Pat11_Meta_FFPE_ERR791905	chr22	23834265	G	A	chr22_23834265_G_A	false	0.0	0.00483592	0.0	0.0	-1.0
Pat11_Meta_FFPE_ERR791905	chr22	23834272	G	A	chr22_23834272_G_A	false	0.0	0.00541638	0.0	0.0	-1.0
Pat12_Meta_FFPE_ERR791907	chr3	37025857	C	T	chr3_37025857_C_T	false	0.0	0.00787132	0.0	-1.05471e-14	-1.0
Pat12_Meta_FFPE_ERR791907	chr3	41224610	C	T	chr3_41224610_C_T	false	0.0	0.0252319	0.0	0.0	-1.0
Pat12_Meta_FFPE_ERR791907	chr3	41224678	G	A	chr3_41224678_G_A	false	0.0	0.0156134	0.0	0.0	-1.0
Pat12_Meta_FFPE_ERR791907	chr3	179234122	C	T	chr3_179234122_C_T	false	0.0	0.0648824	0.0	0.0	-1.0
Pat12_Meta_FFPE_ERR791907	chr3	179234131	C	T	chr3_179234131_C_T	false	0.0	0.0105093	0.0	-1.70965e-6	-1.0
Pat12_Meta_FFPE_ERR791907	chr3	179234141	C	T	chr3_179234141_C_T	false	0.0	0.0470016	0.0	0.0	-1.0
Pat12_Meta_FFPE_ERR791907	chr4	54726131	C	T	chr4_54726131_C_T	false	0.0	0.036999	0.0	0.0	-1.0
Pat12_Meta_FFPE_ERR791907	chr4	54727529	C	T	chr4_54727529_C_T	false	0.0	0.0201097	0.0	-1.77636e-15	-1.0
Pat12_Meta_FFPE_ERR791907	chr5	112838237	C	T	chr5_112838237_C_T	false	0.0	0.0202198	0.0	0.0	-1.0
Pat12_Meta_FFPE_ERR791907	chr5	112839785	G	A	chr5_112839785_G_A	false	0.0	0.027013	0.0	0.0	-1.0
Pat12_Meta_FFPE_ERR791907	chr7	55165475	C	T	chr7_55165475_C_T	false	0.0	0.020416	0.0	0.0	-1.0
Pat12_Meta_FFPE_ERR791907	chr7	55174028	C	T	chr7_55174028_C_T	false	0.0	0.0164234	0.0	0.0	-1.0
Pat12_Meta_FFPE_ERR791907	chr7	55174064	C	T	chr7_55174064_C_T	false	0.0	0.0122492	0.0	0.0	-1.0
Pat12_Meta_FFPE_ERR791907	chr7	116700227	C	T	chr7_116700227_C_T	false	0.0	0.0395623	0.0	0.0	-1.0
Pat12_Meta_FFPE_ERR791907	chr7	116700254	C	T	chr7_116700254_C_T	false	0.0	0.0352645	0.0	0.0	-1.0
Pat12_Meta_FFPE_ERR791907	chr9	5073774	G	A	chr9_5073774_G_A	false	0.0	0.0502092	0.0	0.0	-1.0
Pat12_Meta_FFPE_ERR791907	chr9	77728517	C	T	chr9_77728517_C_T	false	0.0	0.0132128	0.0	0.0	-1.0
Pat12_Meta_FFPE_ERR791907	chr9	130872852	G	A	chr9_130872852_G_A	false	0.0	0.0152328	0.0	0.0	-1.0
Pat12_Meta_FFPE_ERR791907	chr9	130872970	C	T	chr9_130872970_C_T	false	0.0	0.01875	0.0	0.0	-1.0
Pat12_Meta_FFPE_ERR791907	chr10	121520127	G	A	chr10_121520127_G_A	false	0.0	0.0198807	0.0	0.0	-0.8431
Pat12_Meta_FFPE_ERR791907	chr11	108299859	C	T	chr11_108299859_C_T	false	0.0	0.0193074	0.0	0.0	-1.0
Pat12_Meta_FFPE_ERR791907	chr11	108303006	C	T	chr11_108303006_C_T	false	0.0	0.086444	0.0	0.0	-1.0
Pat12_Meta_FFPE_ERR791907	chr11	108303025	G	A	chr11_108303025_G_A	false	0.0	0.0159363	0.0	0.0	-1.0
Pat12_Meta_FFPE_ERR791907	chr11	108330289	C	T	chr11_108330289_C_T	false	0.0	0.0550898	0.0	0.0	-1.0
Pat12_Meta_FFPE_ERR791907	chr12	25225711	C	T	chr12_25225711_C_T	false	0.0	0.0401427	0.0	0.0	-1.0
Pat12_Meta_FFPE_ERR791907	chr12	120994391	C	T	chr12_120994391_C_T	false	0.0	0.270833	0.0	0.0	-1.0
Pat12_Meta_FFPE_ERR791907	chr13	48345139	C	T	chr13_48345139_C_T	false	0.0	0.0284848	0.0	0.0	-1.0
Pat12_Meta_FFPE_ERR791907	chr13	48349101	C	T	chr13_48349101_C_T	false	0.0	0.0653266	0.0	0.0	-1.0
Pat12_Meta_FFPE_ERR791907	chr13	48368588	C	T	chr13_48368588_C_T	false	0.0	0.0187829	0.0	0.0	-1.0
Pat12_Meta_FFPE_ERR791907	chr13	48368616	C	T	chr13_48368616_C_T	false	0.0	0.0201718	0.0	0.0	-1.0
Pat12_Meta_FFPE_ERR791907	chr14	104780215	C	T	chr14_104780215_C_T	false	0.0	0.0144809	0.0	0.0	-1.0
Pat12_Meta_FFPE_ERR791907	chr17	7673703	C	T	chr17_7673703_C_T	false	0.0	0.0241509	0.0	0.0	-1.0
Pat12_Meta_FFPE_ERR791907	chr17	7673765	C	T	chr17_7673765_C_T	false	0.0	0.0219298	0.0	0.0	-1.0
Pat12_Meta_FFPE_ERR791907	chr17	7673776	G	A	chr17_7673776_G_A	true	0.0	0.366716	0.0	0.0	-1.0
Pat12_Meta_FFPE_ERR791907	chr17	7674302	C	T	chr17_7674302_C_T	false	0.0	0.0193596	0.0	0.0	-1.0
Pat12_Meta_FFPE_ERR791907	chr17	39724052	C	T	chr17_39724052_C_T	false	0.0	0.0187247	0.0	0.0	-1.0
Pat12_Meta_FFPE_ERR791907	chr19	1221295	G	A	chr19_1221295_G_A	false	0.0	0.0291651	0.0	0.0	-1.0
Pat12_Meta_FFPE_ERR791907	chr19	1221374	G	A	chr19_1221374_G_A	false	0.0	0.0200818	0.0	0.0	-1.0
Pat12_Meta_FFPE_ERR791907	chr19	17837268	C	T	chr19_17837268_C_T	false	0.0	0.014932	0.0	0.0	-1.0
Pat13_Meta_FFPE_ERR791908	chr2	211424230	C	T	chr2_211424230_C_T	false	0.0	0.0678571	0.0	0.0	-1.0
Pat13_Meta_FFPE_ERR791908	chr2	211722448	C	T	chr2_211722448_C_T	false	0.0	0.0321637	0.0	0.0	-1.0
Pat13_Meta_FFPE_ERR791908	chr2	211722509	C	T	chr2_211722509_C_T	false	0.0	0.0204082	0.0	0.0	-1.0
Pat13_Meta_FFPE_ERR791908	chr2	211788024	C	T	chr2_211788024_C_T	false	0.0	0.0402414	0.0	0.0	-1.0
Pat13_Meta_FFPE_ERR791908	chr2	211788093	C	T	chr2_211788093_C_T	false	0.0	0.0843373	0.0	0.0	-1.0
Pat13_Meta_FFPE_ERR791908	chr3	10142141	C	T	chr3_10142141_C_T	false	0.0	0.0144472	0.0	-2.9492e-12	-1.0
Pat13_Meta_FFPE_ERR791908	chr3	37025794	C	T	chr3_37025794_C_T	false	0.0	0.0020526	0.0	-0.926004	-1.0
Pat13_Meta_FFPE_ERR791908	chr3	179199192	C	T	chr3_179199192_C_T	false	0.0	0.0182724	0.0	-8.48163e-8	-1.0
Pat13_Meta_FFPE_ERR791908	chr4	54278101	C	T	chr4_54278101_C_T	false	0.0	0.00987224	0.0	-2.26826e-7	-1.0
Pat13_Meta_FFPE_ERR791908	chr4	54733248	C	T	chr4_54733248_C_T	false	0.0	0.137281	0.0	0.0	-1.0
Pat13_Meta_FFPE_ERR791908	chr4	54736542	C	T	chr4_54736542_C_T	false	0.0	0.0251799	0.0	0.0	-1.0
Pat13_Meta_FFPE_ERR791908	chr4	55087705	C	T	chr4_55087705_C_T	false	0.0	0.0630252	0.0	0.0	-1.0
Pat13_Meta_FFPE_ERR791908	chr4	55096406	C	T	chr4_55096406_C_T	false	0.0	0.0219479	0.0	0.0	-1.0
Pat13_Meta_FFPE_ERR791908	chr4	152328249	C	T	chr4_152328249_C_T	false	0.0	0.0334262	0.0	-2.08297e-11	-1.0
Pat13_Meta_FFPE_ERR791908	chr4	152328288	C	T	chr4_152328288_C_T	false	0.0	0.0662983	0.0	0.0	-1.0
Pat13_Meta_FFPE_ERR791908	chr5	112839578	G	A	chr5_112839578_G_A	false	0.0	0.00219909	0.0	-0.687349	-0.9111
Pat13_Meta_FFPE_ERR791908	chr5	150054158	C	T	chr5_150054158_C_T	false	0.0	0.00654736	0.0	-7.9859e-8	-1.0
Pat13_Meta_FFPE_ERR791908	chr7	129205260	C	T	chr7_129205260_C_T	false	0.0	0.005	0.0	-0.0348114	-1.0
Pat13_Meta_FFPE_ERR791908	chr7	129205272	C	T	chr7_129205272_C_T	false	0.0	0.00780669	0.0	-5.57465e-7	-1.0
Pat13_Meta_FFPE_ERR791908	chr7	129211762	C	T	chr7_129211762_C_T	false	0.0	0.0436817	0.0	0.0	-1.0
Pat13_Meta_FFPE_ERR791908	chr7	140781602	C	T	chr7_140781602_C_T	false	0.0	0.0123648	0.0	0.0	-1.0
Pat13_Meta_FFPE_ERR791908	chr9	33675669	G	A	chr9_33675669_G_A	false	0.0	0.0344234	0.0	0.0	-1.0
Pat13_Meta_FFPE_ERR791908	chr9	77794448	C	T	chr9_77794448_C_T	false	1.0	0.0261533	1.0	0.0	-0.2973
Pat13_Meta_FFPE_ERR791908	chr10	43113709	C	T	chr10_43113709_C_T	false	0.0	0.00500139	0.0	-7.15261e-6	-1.0
Pat13_Meta_FFPE_ERR791908	chr10	43120208	C	T	chr10_43120208_C_T	false	0.0	0.00438163	0.0	-0.000269738	-1.0
Pat13_Meta_FFPE_ERR791908	chr10	87864559	C	T	chr10_87864559_C_T	false	0.0	0.0237741	0.0	-1.45906e-12	-1.0
Pat13_Meta_FFPE_ERR791908	chr10	87925571	C	T	chr10_87925571_C_T	false	0.0	0.0119284	0.0	-0.000725765	-1.0
Pat13_Meta_FFPE_ERR791908	chr10	121498542	C	T	chr10_121498542_C_T	false	0.0	0.0106789	0.0	-4.10383e-12	-1.0
Pat13_Meta_FFPE_ERR791908	chr11	108303018	C	T	chr11_108303018_C_T	false	0.0	0.093617	0.0	0.0	-1.0
Pat13_Meta_FFPE_ERR791908	chr12	25225720	C	T	chr12_25225720_C_T	false	0.0	0.0245989	0.0	0.0	-1.0
Pat13_Meta_FFPE_ERR791908	chr13	48453117	C	T	chr13_48453117_C_T	false	0.0	0.0528634	0.0	0.0	-1.0
Pat13_Meta_FFPE_ERR791908	chr17	7670711	C	T	chr17_7670711_C_T	false	0.0	0.0149953	0.0	0.0	-1.0
Pat13_Meta_FFPE_ERR791908	chr17	7676080	C	T	chr17_7676080_C_T	false	0.0	0.0207254	0.0	-3.90799e-14	-1.0
Pat13_Meta_FFPE_ERR791908	chr19	1220516	G	A	chr19_1220516_G_A	false	0.0	0.00643547	0.0	0.0	-1.0
Pat13_Meta_FFPE_ERR791908	chr19	1220520	G	A	chr19_1220520_G_A	false	0.0	0.00460324	0.0	0.0	-1.0
Pat13_Meta_FFPE_ERR791908	chr22	23801073	C	T	chr22_23801073_C_T	false	0.0	0.00478108	0.0	-8.34048e-6	-1.0
Pat14_Meta_FFPE_ERR791909	chr2	211665423	C	T	chr2_211665423_C_T	true	0.0	0.00621279	0.0	-7.70059e-7	-1.0
Pat14_Meta_FFPE_ERR791909	chr3	10142111	G	A	chr3_10142111_G_A	false	0.0	0.0185341	0.0	0.0	-1.0
Pat14_Meta_FFPE_ERR791909	chr3	10146651	C	T	chr3_10146651_C_T	false	0.0	0.00486691	0.0	-8.30875e-9	-1.0
Pat14_Meta_FFPE_ERR791909	chr3	37025800	G	A	chr3_37025800_G_A	false	0.0	0.00554951	0.0	0.0	-1.0
Pat14_Meta_FFPE_ERR791909	chr3	179199087	C	T	chr3_179199087_C_T	false	0.0	0.0244399	0.0	-2.21473e-10	-1.0
Pat14_Meta_FFPE_ERR791909	chr4	54731355	C	T	chr4_54731355_C_T	false	0.0	0.0229575	0.0	0.0	-1.0
Pat14_Meta_FFPE_ERR791909	chr4	55089013	C	T	chr4_55089013_C_T	false	0.0	0.0157303	0.0	0.0	-1.0
Pat14_Meta_FFPE_ERR791909	chr4	152324340	C	T	chr4_152324340_C_T	false	0.0	0.021544	0.0	0.0	-1.0
Pat14_Meta_FFPE_ERR791909	chr7	55174077	C	T	chr7_55174077_C_T	false	0.0	0.00439731	0.0	-8.55613e-6	-1.0
Pat14_Meta_FFPE_ERR791909	chr7	66505419	G	A	chr7_66505419_G_A	false	0.0	0.043956	0.0	0.0	-1.0
Pat14_Meta_FFPE_ERR791909	chr7	116772021	C	T	chr7_116772021_C_T	false	0.0	0.0039341	0.0	-0.00662019	-1.0
Pat14_Meta_FFPE_ERR791909	chr7	116777461	C	T	chr7_116777461_C_T	false	0.0	0.0389744	0.0	0.0	-1.0
Pat14_Meta_FFPE_ERR791909	chr7	116777462	C	T	chr7_116777462_C_T	false	0.0	0.0205339	0.0	-6.32827e-15	-1.0
Pat14_Meta_FFPE_ERR791909	chr7	116777518	C	T	chr7_116777518_C_T	false	0.0	0.0421377	0.0	0.0	-1.0
Pat14_Meta_FFPE_ERR791909	chr9	77794662	C	T	chr9_77794662_C_T	false	0.0	0.0350877	0.0	-4.95159e-14	-1.0
Pat14_Meta_FFPE_ERR791909	chr9	77797620	C	T	chr9_77797620_C_T	false	0.0	0.02	0.0	0.0	-1.0
Pat14_Meta_FFPE_ERR791909	chr9	130872119	C	T	chr9_130872119_C_T	false	0.0	0.0100806	0.0	-0.00289728	-1.0
Pat14_Meta_FFPE_ERR791909	chr9	130872141	G	A	chr9_130872141_G_A	false	0.0	0.0306122	0.0	0.0	-1.0
Pat14_Meta_FFPE_ERR791909	chr9	130872213	G	A	chr9_130872213_G_A	false	0.0	0.0224261	0.0	0.0	-1.0
Pat14_Meta_FFPE_ERR791909	chr10	43113632	C	T	chr10_43113632_C_T	false	0.0	0.00296125	0.0	-0.0531896	-1.0
Pat14_Meta_FFPE_ERR791909	chr10	43114576	G	A	chr10_43114576_G_A	false	0.0	0.00200222	0.0	-0.667912	-1.0
Pat14_Meta_FFPE_ERR791909	chr10	43118487	C	T	chr10_43118487_C_T	false	0.0	0.00529501	0.0	-0.000793144	-1.0
Pat14_Meta_FFPE_ERR791909	chr10	87864484	C	T	chr10_87864484_C_T	false	0.0	0.0262443	0.0	0.0	-1.0
Pat14_Meta_FFPE_ERR791909	chr11	108335136	C	T	chr11_108335136_C_T	false	0.0	0.00671141	0.0	-1.36439e-8	-1.0
Pat14_Meta_FFPE_ERR791909	chr12	25227372	C	T	chr12_25227372_C_T	false	0.0	0.01868	0.0	0.0	-1.0
Pat14_Meta_FFPE_ERR791909	chr13	48453086	C	T	chr13_48453086_C_T	false	0.0	0.0504348	0.0	0.0	-1.0
Pat14_Meta_FFPE_ERR791909	chr13	48459730	G	A	chr13_48459730_G_A	false	0.0	0.00217028	0.0	-2.84628e-12	-1.0
Pat14_Meta_FFPE_ERR791909	chr13	48459735	C	T	chr13_48459735_C_T	false	0.0	0.00162048	0.0	-1.0	-1.0
Pat14_Meta_FFPE_ERR791909	chr13	48463839	G	A	chr13_48463839_G_A	false	0.0	0.0185497	0.0	0.0	-1.0
Pat14_Meta_FFPE_ERR791909	chr17	7674945	G	A	chr17_7674945_G_A	false	0.0	0.307255	0.0	0.0	-0.9982
Pat14_Meta_FFPE_ERR791909	chr17	7676603	C	T	chr17_7676603_C_T	false	0.0	0.00374482	0.0	-0.000736149	-1.0
Pat14_Meta_FFPE_ERR791909	chr17	7676604	C	T	chr17_7676604_C_T	false	0.0	0.00400855	0.0	-0.000254785	-1.0
Pat14_Meta_FFPE_ERR791909	chr19	3118852	G	A	chr19_3118852_G_A	false	0.0	0.0218872	0.0	0.0	-1.0
Pat14_Meta_FFPE_ERR791909	chr22	16572108	C	T	chr22_16572108_C_T	false	0.0	0.00395648	0.0	-0.0226724	-1.0
